2026-01-12 17:00:34,722 - Knowledge - INFO - Created shared MongoDB connection pool
2026-01-12 17:00:35,081 - Knowledge - INFO - Starting Knowledge Graph processing with 20 threads
2026-01-12 17:00:35,274 - Knowledge - INFO - Initial configuration: chunk_size=65536, max_cache_size=500
2026-01-12 17:00:35,454 - Knowledge - INFO - Knowledge Graph concurrency configuration: workers=20, max_batch_size=10, max_concurrent_llm_calls=50
2026-01-12 17:00:37,021 - Knowledge - INFO - 🔍 _load_persisted_knowledge called - checking for Redis optimization
2026-01-12 17:00:37,221 - Knowledge - WARNING - ❌ load_from_redis method not found - Redis support not attached
2026-01-12 17:00:37,418 - Knowledge - INFO - load persisted knowledge: begin
2026-01-12 17:00:37,632 - Knowledge - INFO - Loaded 0 files from persisted knowledge
2026-01-12 17:00:37,876 - Knowledge - INFO - load persisted knowledge: end
2026-01-12 17:00:38,045 - Knowledge - WARNING - No persisted knowledge found. Files will be queued during start()
2026-01-12 17:00:38,214 - Knowledge - INFO - Redis support added with prefix knowledge:b0931pa:
2026-01-12 17:00:39,196 - Knowledge - INFO - Starting knowledge initialization for ID: b0RvUB-b0931pa
2026-01-12 17:00:39,361 - Knowledge - INFO - 🔍 Checking Redis for build_id: b0931pa
2026-01-12 17:00:39,552 - Knowledge - INFO - 🔍 Full session ID: b0RvUB-b0931pa
2026-01-12 17:00:39,714 - Knowledge - INFO - 🔍 Redis prefix will be: knowledge:b0931pa:
2026-01-12 17:00:39,883 - Knowledge - INFO - 🔍 Using attached load_from_redis() method
2026-01-12 17:00:40,073 - Knowledge - INFO - 🔍 Attempting to load knowledge from Redis...
2026-01-12 17:00:40,276 - Knowledge - INFO - 🔍 Using derived instance_id for Redis lookup: b0931pa
2026-01-12 17:00:40,451 - Knowledge - WARNING - ❌ No Redis cache found
2026-01-12 17:00:40,636 - Knowledge - INFO - 📁 Loading knowledge from disk...
2026-01-12 17:00:40,917 - Knowledge - INFO - load persisted docinfo: begin
2026-01-12 17:00:41,125 - Knowledge - INFO - load persisted docinfo: end
2026-01-12 17:00:41,330 - Knowledge - INFO - 🔍 _load_persisted_knowledge called - checking for Redis optimization
2026-01-12 17:00:41,519 - Knowledge - INFO - ✅ load_from_redis method found - attempting Redis load
2026-01-12 17:00:41,719 - Knowledge - INFO - 🔍 Attempting to load knowledge from Redis...
2026-01-12 17:00:41,924 - Knowledge - INFO - 🔍 Using derived instance_id for Redis lookup: b0931pa
2026-01-12 17:00:42,111 - Knowledge - WARNING - ❌ No Redis cache found
2026-01-12 17:00:42,305 - Knowledge - INFO - ❌ Redis load returned False - falling back to file loading
2026-01-12 17:00:42,479 - Knowledge - INFO - load persisted knowledge: begin
2026-01-12 17:00:42,664 - Knowledge - INFO - Loaded 0 files from persisted knowledge
2026-01-12 17:00:42,823 - Knowledge - INFO - load persisted knowledge: end
2026-01-12 17:00:43,074 - Knowledge - INFO - 📁 Disk load complete in 2.21s
2026-01-12 17:00:43,264 - Knowledge - INFO - Populating ingest queue with source files...
2026-01-12 17:00:43,821 - Knowledge - INFO - Added 188 files from /app/data/T0015/304360/b0931pa/internet-banking-concept-microservices-304360 to ingest queue
2026-01-12 17:00:44,023 - Knowledge - INFO - [WEBSOCKET] Sent: Type=progress_update, Size: 160, Duration: 0ms
2026-01-12 17:00:44,248 - Knowledge - INFO - Worker kw1 created using shared MongoDB connection pool
2026-01-12 17:00:44,438 - Knowledge - INFO - knowledge worker kw1 start
2026-01-12 17:00:44,439 - Knowledge - INFO - Worker kw2 created using shared MongoDB connection pool
2026-01-12 17:00:44,640 - Knowledge - INFO - [kw1] Queue=188, InProgress=0, PendingWorkers=0/1, Completed=0/188 (0.0%)
2026-01-12 17:00:44,724 - Knowledge - INFO - knowledge worker kw2 start
2026-01-12 17:00:44,724 - Knowledge - INFO - Worker kw3 created using shared MongoDB connection pool
2026-01-12 17:00:44,833 - Knowledge - INFO - Batch sizing: calculated=5, max_allowed=10, queue=188, active_workers=0/2
2026-01-12 17:00:44,969 - Knowledge - INFO - [kw2] Queue=188, InProgress=0, PendingWorkers=0/2, Completed=0/188 (0.0%)
2026-01-12 17:00:45,080 - Knowledge - INFO - knowledge worker kw3 start
2026-01-12 17:00:45,080 - Knowledge - INFO - Worker kw4 created using shared MongoDB connection pool
2026-01-12 17:00:45,150 - Knowledge - INFO - Worker kw1 processing /app/data/T0015/304360/b0931pa/internet-banking-concept-microservices-304360/internet-banking-service-registry/src/test/java/com/javatodev/finance/InternetBankingServiceRegistryApplicationTests.java
2026-01-12 17:00:45,265 - Knowledge - INFO - Batch sizing: calculated=5, max_allowed=10, queue=188, active_workers=1/3
2026-01-12 17:00:45,360 - Knowledge - INFO - [kw3] Queue=183, InProgress=0, PendingWorkers=1/3, Completed=0/188 (0.0%)
2026-01-12 17:00:45,479 - Knowledge - INFO - knowledge worker kw4 start
2026-01-12 17:00:45,479 - Knowledge - INFO - Worker kw5 created using shared MongoDB connection pool
2026-01-12 17:00:45,604 - Knowledge - INFO - Fast-tracked /app/data/T0015/304360/b0931pa/internet-banking-concept-microservices-304360/internet-banking-service-registry/src/test/java/com/javatodev/finance/InternetBankingServiceRegistryApplicationTests.java (ext=.java, size=246)
2026-01-12 17:00:45,702 - Knowledge - INFO - Worker kw2 processing /app/data/T0015/304360/b0931pa/internet-banking-concept-microservices-304360/internet-banking-service-registry/build.gradle
2026-01-12 17:00:45,792 - Knowledge - INFO - Batch sizing: calculated=5, max_allowed=10, queue=183, active_workers=2/4
2026-01-12 17:00:45,896 - Knowledge - INFO - [kw4] Queue=178, InProgress=0, PendingWorkers=2/4, Completed=0/188 (0.0%)
2026-01-12 17:00:45,978 - Knowledge - INFO - knowledge worker kw5 start
2026-01-12 17:00:45,978 - Knowledge - INFO - Worker kw6 created using shared MongoDB connection pool
2026-01-12 17:00:46,079 - Knowledge - INFO - Worker kw1 processing /app/data/T0015/304360/b0931pa/internet-banking-concept-microservices-304360/internet-banking-service-registry/src/main/java/com/javatodev/finance/InternetBankingServiceRegistryApplication.java
2026-01-12 17:00:46,181 - Knowledge - INFO - Fast-tracked /app/data/T0015/304360/b0931pa/internet-banking-concept-microservices-304360/internet-banking-service-registry/build.gradle (ext=.gradle, size=822)
2026-01-12 17:00:46,282 - Knowledge - INFO - Worker kw3 processing /app/data/T0015/304360/b0931pa/internet-banking-concept-microservices-304360/internet-banking-fund-transfer-service/src/main/java/com/javatodev/finance/configuration/filter/ApiRequestContextHolder.java
2026-01-12 17:00:46,398 - Knowledge - INFO - Batch sizing: calculated=5, max_allowed=10, queue=178, active_workers=3/5
2026-01-12 17:00:46,495 - Knowledge - INFO - [kw5] Queue=173, InProgress=0, PendingWorkers=3/5, Completed=0/188 (0.0%)
2026-01-12 17:00:46,662 - Knowledge - INFO - knowledge worker kw6 start
2026-01-12 17:00:46,662 - Knowledge - INFO - Worker kw7 created using shared MongoDB connection pool
2026-01-12 17:00:46,779 - Knowledge - INFO - Fast-tracked /app/data/T0015/304360/b0931pa/internet-banking-concept-microservices-304360/internet-banking-service-registry/src/main/java/com/javatodev/finance/InternetBankingServiceRegistryApplication.java (ext=.java, size=469)
2026-01-12 17:00:46,868 - Knowledge - INFO - Worker kw2 processing /app/data/T0015/304360/b0931pa/internet-banking-concept-microservices-304360/internet-banking-fund-transfer-service/src/test/java/com/javatodev/finance/InternetBankingFundTransferServiceApplicationTests.java
2026-01-12 17:00:46,971 - Knowledge - INFO - Fast-tracked /app/data/T0015/304360/b0931pa/internet-banking-concept-microservices-304360/internet-banking-fund-transfer-service/src/main/java/com/javatodev/finance/configuration/filter/ApiRequestContextHolder.java (ext=.java, size=687)
2026-01-12 17:00:47,084 - Knowledge - INFO - Worker kw4 processing /app/data/T0015/304360/b0931pa/internet-banking-concept-microservices-304360/internet-banking-fund-transfer-service/src/main/java/com/javatodev/finance/InternetBankingFundTransferServiceApplication.java
2026-01-12 17:00:47,190 - Knowledge - INFO - Batch sizing: calculated=5, max_allowed=10, queue=173, active_workers=4/6
2026-01-12 17:00:47,309 - Knowledge - INFO - [kw6] Queue=168, InProgress=0, PendingWorkers=4/6, Completed=0/188 (0.0%)
2026-01-12 17:00:47,375 - Knowledge - INFO - knowledge worker kw7 start
2026-01-12 17:00:47,376 - Knowledge - INFO - Worker kw8 created using shared MongoDB connection pool
2026-01-12 17:00:47,455 - Knowledge - INFO - Worker kw1 processing /app/data/T0015/304360/b0931pa/internet-banking-concept-microservices-304360/internet-banking-service-registry/src/main/resources/application.yml
2026-01-12 17:00:47,582 - Knowledge - INFO - Fast-tracked /app/data/T0015/304360/b0931pa/internet-banking-concept-microservices-304360/internet-banking-fund-transfer-service/src/test/java/com/javatodev/finance/InternetBankingFundTransferServiceApplicationTests.java (ext=.java, size=250)
2026-01-12 17:00:47,667 - Knowledge - INFO - Worker kw3 processing /app/data/T0015/304360/b0931pa/internet-banking-concept-microservices-304360/internet-banking-fund-transfer-service/src/main/java/com/javatodev/finance/configuration/CustomFeignClientConfiguration.java
2026-01-12 17:00:47,751 - Knowledge - INFO - Fast-tracked /app/data/T0015/304360/b0931pa/internet-banking-concept-microservices-304360/internet-banking-fund-transfer-service/src/main/java/com/javatodev/finance/InternetBankingFundTransferServiceApplication.java (ext=.java, size=465)
2026-01-12 17:00:47,871 - Knowledge - INFO - Worker kw5 processing /app/data/T0015/304360/b0931pa/internet-banking-concept-microservices-304360/internet-banking-fund-transfer-service/src/main/java/com/javatodev/finance/model/mapper/BaseMapper.java
2026-01-12 17:00:47,981 - Knowledge - INFO - Batch sizing: calculated=5, max_allowed=10, queue=168, active_workers=5/7
2026-01-12 17:00:48,079 - Knowledge - INFO - [kw7] Queue=163, InProgress=0, PendingWorkers=5/7, Completed=0/188 (0.0%)
2026-01-12 17:00:48,179 - Knowledge - INFO - knowledge worker kw8 start
2026-01-12 17:00:48,179 - Knowledge - INFO - Worker kw9 created using shared MongoDB connection pool
2026-01-12 17:00:48,298 - Knowledge - INFO - Fast-tracked /app/data/T0015/304360/b0931pa/internet-banking-concept-microservices-304360/internet-banking-service-registry/src/main/resources/application.yml (ext=.yml, size=237)
2026-01-12 17:00:48,394 - Knowledge - INFO - Worker kw2 processing /app/data/T0015/304360/b0931pa/internet-banking-concept-microservices-304360/internet-banking-fund-transfer-service/src/test/resources/application.yml
2026-01-12 17:00:48,508 - Knowledge - INFO - Fast-tracked /app/data/T0015/304360/b0931pa/internet-banking-concept-microservices-304360/internet-banking-fund-transfer-service/src/main/java/com/javatodev/finance/configuration/CustomFeignClientConfiguration.java (ext=.java, size=335)
2026-01-12 17:00:48,589 - Knowledge - INFO - Worker kw4 processing /app/data/T0015/304360/b0931pa/internet-banking-concept-microservices-304360/internet-banking-fund-transfer-service/src/main/java/com/javatodev/finance/service/rest/client/BankingCoreFeignClient.java
2026-01-12 17:00:48,688 - Knowledge - INFO - Fast-tracked /app/data/T0015/304360/b0931pa/internet-banking-concept-microservices-304360/internet-banking-fund-transfer-service/src/main/java/com/javatodev/finance/model/mapper/BaseMapper.java (ext=.java, size=1330)
2026-01-12 17:00:48,769 - Knowledge - INFO - Worker kw6 processing /app/data/T0015/304360/b0931pa/internet-banking-concept-microservices-304360/internet-banking-fund-transfer-service/src/main/java/com/javatodev/finance/model/dto/request/FundTransferRequest.java
2026-01-12 17:00:48,891 - Knowledge - INFO - Batch sizing: calculated=5, max_allowed=10, queue=163, active_workers=6/8
2026-01-12 17:00:49,001 - Knowledge - INFO - [kw8] Queue=158, InProgress=0, PendingWorkers=6/8, Completed=0/188 (0.0%)
2026-01-12 17:00:49,079 - Knowledge - INFO - knowledge worker kw9 start
2026-01-12 17:00:49,079 - Knowledge - INFO - Worker kw10 created using shared MongoDB connection pool
2026-01-12 17:00:49,161 - Knowledge - INFO - Worker kw1 processing /app/data/T0015/304360/b0931pa/internet-banking-concept-microservices-304360/internet-banking-service-registry/wait-for-it.sh
2026-01-12 17:00:49,238 - Knowledge - INFO - Fast-tracked /app/data/T0015/304360/b0931pa/internet-banking-concept-microservices-304360/internet-banking-fund-transfer-service/src/test/resources/application.yml (ext=.yml, size=520)
2026-01-12 17:00:49,334 - Knowledge - INFO - Worker kw3 processing /app/data/T0015/304360/b0931pa/internet-banking-concept-microservices-304360/internet-banking-fund-transfer-service/src/main/java/com/javatodev/finance/configuration/audit/AuditorAwareConfig.java
2026-01-12 17:00:49,448 - Knowledge - INFO - Fast-tracked /app/data/T0015/304360/b0931pa/internet-banking-concept-microservices-304360/internet-banking-fund-transfer-service/src/main/java/com/javatodev/finance/service/rest/client/BankingCoreFeignClient.java (ext=.java, size=1157)
2026-01-12 17:00:49,524 - Knowledge - INFO - Worker kw5 processing /app/data/T0015/304360/b0931pa/internet-banking-concept-microservices-304360/internet-banking-fund-transfer-service/src/main/java/com/javatodev/finance/model/mapper/FundTransferMapper.java
2026-01-12 17:00:49,609 - Knowledge - INFO - Fast-tracked /app/data/T0015/304360/b0931pa/internet-banking-concept-microservices-304360/internet-banking-fund-transfer-service/src/main/java/com/javatodev/finance/model/dto/request/FundTransferRequest.java (ext=.java, size=264)
2026-01-12 17:00:49,683 - Knowledge - INFO - Worker kw7 processing /app/data/T0015/304360/b0931pa/internet-banking-concept-microservices-304360/internet-banking-fund-transfer-service/src/main/java/com/javatodev/finance/exception/SimpleBankingGlobalException.java
2026-01-12 17:00:49,770 - Knowledge - INFO - Batch sizing: calculated=5, max_allowed=10, queue=158, active_workers=7/9
2026-01-12 17:00:49,893 - Knowledge - INFO - [kw9] Queue=153, InProgress=0, PendingWorkers=7/9, Completed=0/188 (0.0%)
2026-01-12 17:00:49,969 - Knowledge - INFO - knowledge worker kw10 start
2026-01-12 17:00:49,969 - Knowledge - INFO - Worker kw11 created using shared MongoDB connection pool
2026-01-12 17:00:50,054 - Knowledge - INFO - Worker kw1 processing /app/data/T0015/304360/b0931pa/internet-banking-concept-microservices-304360/internet-banking-service-registry/settings.gradle
2026-01-12 17:00:50,128 - Knowledge - INFO - Worker kw2 processing /app/data/T0015/304360/b0931pa/internet-banking-concept-microservices-304360/internet-banking-fund-transfer-service/src/main/java/com/javatodev/finance/configuration/filter/AppAuthUserFilter.java
2026-01-12 17:00:50,220 - Knowledge - INFO - Fast-tracked /app/data/T0015/304360/b0931pa/internet-banking-concept-microservices-304360/internet-banking-fund-transfer-service/src/main/java/com/javatodev/finance/configuration/audit/AuditorAwareConfig.java (ext=.java, size=608)
2026-01-12 17:00:50,325 - Knowledge - INFO - Worker kw4 processing /app/data/T0015/304360/b0931pa/internet-banking-concept-microservices-304360/internet-banking-fund-transfer-service/src/main/java/com/javatodev/finance/service/FundTransferService.java
2026-01-12 17:00:50,419 - Knowledge - INFO - Fast-tracked /app/data/T0015/304360/b0931pa/internet-banking-concept-microservices-304360/internet-banking-fund-transfer-service/src/main/java/com/javatodev/finance/model/mapper/FundTransferMapper.java (ext=.java, size=831)
2026-01-12 17:00:50,527 - Knowledge - INFO - Worker kw6 processing /app/data/T0015/304360/b0931pa/internet-banking-concept-microservices-304360/internet-banking-fund-transfer-service/src/main/java/com/javatodev/finance/model/dto/AuditAware.java
2026-01-12 17:00:50,612 - Knowledge - INFO - Fast-tracked /app/data/T0015/304360/b0931pa/internet-banking-concept-microservices-304360/internet-banking-fund-transfer-service/src/main/java/com/javatodev/finance/exception/SimpleBankingGlobalException.java (ext=.java, size=423)
2026-01-12 17:00:50,696 - Knowledge - INFO - Worker kw8 processing /app/data/T0015/304360/b0931pa/internet-banking-concept-microservices-304360/internet-banking-fund-transfer-service/src/main/resources/bootstrap.yml
2026-01-12 17:00:50,777 - Knowledge - INFO - Batch sizing: calculated=5, max_allowed=10, queue=153, active_workers=8/10
2026-01-12 17:00:50,849 - Knowledge - INFO - [kw10] Queue=148, InProgress=0, PendingWorkers=8/10, Completed=0/188 (0.0%)
2026-01-12 17:00:50,946 - Knowledge - INFO - knowledge worker kw11 start
2026-01-12 17:00:50,946 - Knowledge - INFO - Worker kw12 created using shared MongoDB connection pool
2026-01-12 17:00:51,038 - Knowledge - INFO - Fast-tracked /app/data/T0015/304360/b0931pa/internet-banking-concept-microservices-304360/internet-banking-service-registry/settings.gradle (ext=.gradle, size=55)
2026-01-12 17:00:51,123 - Knowledge - INFO - Fast-tracked /app/data/T0015/304360/b0931pa/internet-banking-concept-microservices-304360/internet-banking-fund-transfer-service/src/main/java/com/javatodev/finance/configuration/filter/AppAuthUserFilter.java (ext=.java, size=1176)
2026-01-12 17:00:51,221 - Knowledge - INFO - Worker kw3 processing /app/data/T0015/304360/b0931pa/internet-banking-concept-microservices-304360/internet-banking-fund-transfer-service/src/main/java/com/javatodev/finance/configuration/audit/AuditConfig.java
2026-01-12 17:00:51,350 - Knowledge - INFO - Worker kw4 processing /app/data/T0015/304360/b0931pa/internet-banking-concept-microservices-304360/internet-banking-fund-transfer-service/src/main/java/com/javatodev/finance/model/repository/FundTransferRepository.java
2026-01-12 17:00:51,439 - Knowledge - INFO - Worker kw5 processing /app/data/T0015/304360/b0931pa/internet-banking-concept-microservices-304360/internet-banking-fund-transfer-service/src/main/java/com/javatodev/finance/model/entity/FundTransferEntity.java
2026-01-12 17:00:51,521 - Knowledge - INFO - Fast-tracked /app/data/T0015/304360/b0931pa/internet-banking-concept-microservices-304360/internet-banking-fund-transfer-service/src/main/java/com/javatodev/finance/model/dto/AuditAware.java (ext=.java, size=1071)
2026-01-12 17:00:51,601 - Knowledge - INFO - Worker kw7 processing /app/data/T0015/304360/b0931pa/internet-banking-concept-microservices-304360/internet-banking-fund-transfer-service/src/main/java/com/javatodev/finance/exception/GlobalExceptionHandler.java
2026-01-12 17:00:51,682 - Knowledge - INFO - Fast-tracked /app/data/T0015/304360/b0931pa/internet-banking-concept-microservices-304360/internet-banking-fund-transfer-service/src/main/resources/bootstrap.yml (ext=.yml, size=62)
2026-01-12 17:00:51,806 - Knowledge - INFO - Worker kw9 processing /app/data/T0015/304360/b0931pa/internet-banking-concept-microservices-304360/internet-banking-user-service/src/test/java/com/javatodev/finance/InternetBankingUserServiceApplicationTests.java
2026-01-12 17:00:51,923 - Knowledge - INFO - Batch sizing: calculated=5, max_allowed=10, queue=148, active_workers=9/11
2026-01-12 17:00:52,004 - Knowledge - INFO - [kw11] Queue=143, InProgress=0, PendingWorkers=9/11, Completed=0/188 (0.0%)
2026-01-12 17:00:52,091 - Knowledge - INFO - knowledge worker kw12 start
2026-01-12 17:00:52,092 - Knowledge - INFO - Worker kw13 created using shared MongoDB connection pool
2026-01-12 17:00:52,289 - Knowledge - INFO - Worker kw2 processing /app/data/T0015/304360/b0931pa/internet-banking-concept-microservices-304360/internet-banking-fund-transfer-service/src/main/java/com/javatodev/finance/configuration/filter/ApiRequestContext.java
2026-01-12 17:00:52,387 - Knowledge - INFO - Fast-tracked /app/data/T0015/304360/b0931pa/internet-banking-concept-microservices-304360/internet-banking-fund-transfer-service/src/main/java/com/javatodev/finance/configuration/audit/AuditConfig.java (ext=.java, size=955)
2026-01-12 17:00:52,478 - Knowledge - INFO - Fast-tracked /app/data/T0015/304360/b0931pa/internet-banking-concept-microservices-304360/internet-banking-fund-transfer-service/src/main/java/com/javatodev/finance/model/repository/FundTransferRepository.java (ext=.java, size=267)
2026-01-12 17:00:52,562 - Knowledge - INFO - Fast-tracked /app/data/T0015/304360/b0931pa/internet-banking-concept-microservices-304360/internet-banking-fund-transfer-service/src/main/java/com/javatodev/finance/model/entity/FundTransferEntity.java (ext=.java, size=660)
2026-01-12 17:00:52,648 - Knowledge - INFO - Worker kw6 processing /app/data/T0015/304360/b0931pa/internet-banking-concept-microservices-304360/internet-banking-fund-transfer-service/src/main/java/com/javatodev/finance/model/dto/response/AccountResponse.java
2026-01-12 17:00:52,737 - Knowledge - INFO - Fast-tracked /app/data/T0015/304360/b0931pa/internet-banking-concept-microservices-304360/internet-banking-fund-transfer-service/src/main/java/com/javatodev/finance/exception/GlobalExceptionHandler.java (ext=.java, size=958)
2026-01-12 17:00:52,826 - Knowledge - INFO - Worker kw8 processing /app/data/T0015/304360/b0931pa/internet-banking-concept-microservices-304360/internet-banking-fund-transfer-service/src/main/resources/bootstrap-docker.yml
2026-01-12 17:00:52,904 - Knowledge - INFO - Fast-tracked /app/data/T0015/304360/b0931pa/internet-banking-concept-microservices-304360/internet-banking-user-service/src/test/java/com/javatodev/finance/InternetBankingUserServiceApplicationTests.java (ext=.java, size=242)
2026-01-12 17:00:53,027 - Knowledge - INFO - Worker kw10 processing /app/data/T0015/304360/b0931pa/internet-banking-concept-microservices-304360/internet-banking-user-service/src/main/java/com/javatodev/finance/configuration/feign/CustomFeignErrorDecoder.java
2026-01-12 17:00:53,148 - Knowledge - INFO - Batch sizing: calculated=5, max_allowed=10, queue=143, active_workers=10/12
2026-01-12 17:00:53,243 - Knowledge - INFO - [kw12] Queue=138, InProgress=0, PendingWorkers=10/12, Completed=0/188 (0.0%)
2026-01-12 17:00:53,335 - Knowledge - INFO - knowledge worker kw13 start
2026-01-12 17:00:53,335 - Knowledge - INFO - Worker kw14 created using shared MongoDB connection pool
2026-01-12 17:00:53,426 - Knowledge - INFO - Fast-tracked /app/data/T0015/304360/b0931pa/internet-banking-concept-microservices-304360/internet-banking-fund-transfer-service/src/main/java/com/javatodev/finance/configuration/filter/ApiRequestContext.java (ext=.java, size=176)
2026-01-12 17:00:53,515 - Knowledge - INFO - Worker kw3 processing /app/data/T0015/304360/b0931pa/internet-banking-concept-microservices-304360/internet-banking-fund-transfer-service/src/main/java/com/javatodev/finance/controller/FundTransferController.java
2026-01-12 17:00:53,605 - Knowledge - INFO - Worker kw4 processing /app/data/T0015/304360/b0931pa/internet-banking-concept-microservices-304360/internet-banking-fund-transfer-service/src/main/java/com/javatodev/finance/model/TransactionStatus.java
2026-01-12 17:00:53,678 - Knowledge - INFO - Worker kw5 processing /app/data/T0015/304360/b0931pa/internet-banking-concept-microservices-304360/internet-banking-fund-transfer-service/src/main/java/com/javatodev/finance/model/dto/FundTransfer.java
2026-01-12 17:00:53,790 - Knowledge - INFO - Fast-tracked /app/data/T0015/304360/b0931pa/internet-banking-concept-microservices-304360/internet-banking-fund-transfer-service/src/main/java/com/javatodev/finance/model/dto/response/AccountResponse.java (ext=.java, size=318)
2026-01-12 17:00:53,913 - Knowledge - INFO - Worker kw7 processing /app/data/T0015/304360/b0931pa/internet-banking-concept-microservices-304360/internet-banking-fund-transfer-service/src/main/java/com/javatodev/finance/exception/ErrorResponse.java
2026-01-12 17:00:54,008 - Knowledge - INFO - Fast-tracked /app/data/T0015/304360/b0931pa/internet-banking-concept-microservices-304360/internet-banking-fund-transfer-service/src/main/resources/bootstrap-docker.yml (ext=.yml, size=83)
2026-01-12 17:00:54,088 - Knowledge - INFO - Worker kw9 processing /app/data/T0015/304360/b0931pa/internet-banking-concept-microservices-304360/internet-banking-user-service/src/test/resources/application.yml
2026-01-12 17:00:54,216 - Knowledge - INFO - Worker kw10 processing /app/data/T0015/304360/b0931pa/internet-banking-concept-microservices-304360/internet-banking-user-service/src/main/java/com/javatodev/finance/configuration/feign/CustomFeignClientConfiguration.java
2026-01-12 17:00:54,309 - Knowledge - INFO - Worker kw11 processing /app/data/T0015/304360/b0931pa/internet-banking-concept-microservices-304360/internet-banking-user-service/src/main/java/com/javatodev/finance/configuration/audit/AuditConfig.java
2026-01-12 17:00:54,401 - Knowledge - INFO - Batch sizing: calculated=5, max_allowed=10, queue=138, active_workers=11/13
2026-01-12 17:00:54,506 - Knowledge - INFO - [kw13] Queue=133, InProgress=0, PendingWorkers=11/13, Completed=0/188 (0.0%)
2026-01-12 17:00:54,589 - Knowledge - INFO - knowledge worker kw14 start
2026-01-12 17:00:54,590 - Knowledge - INFO - Worker kw15 created using shared MongoDB connection pool
2026-01-12 17:00:54,703 - Knowledge - INFO - Processing batch of 5 files
2026-01-12 17:00:54,822 - Knowledge - INFO - Fast-tracked /app/data/T0015/304360/b0931pa/internet-banking-concept-microservices-304360/internet-banking-fund-transfer-service/src/main/java/com/javatodev/finance/controller/FundTransferController.java (ext=.java, size=1742)
2026-01-12 17:00:54,938 - Knowledge - INFO - Fast-tracked /app/data/T0015/304360/b0931pa/internet-banking-concept-microservices-304360/internet-banking-fund-transfer-service/src/main/java/com/javatodev/finance/model/TransactionStatus.java (ext=.java, size=113)
2026-01-12 17:00:55,046 - Knowledge - INFO - Fast-tracked /app/data/T0015/304360/b0931pa/internet-banking-concept-microservices-304360/internet-banking-fund-transfer-service/src/main/java/com/javatodev/finance/model/dto/FundTransfer.java (ext=.java, size=330)
2026-01-12 17:00:55,128 - Knowledge - INFO - Worker kw6 processing /app/data/T0015/304360/b0931pa/internet-banking-concept-microservices-304360/internet-banking-fund-transfer-service/src/main/java/com/javatodev/finance/model/dto/response/FundTransferResponse.java
2026-01-12 17:00:55,258 - Knowledge - INFO - Fast-tracked /app/data/T0015/304360/b0931pa/internet-banking-concept-microservices-304360/internet-banking-fund-transfer-service/src/main/java/com/javatodev/finance/exception/ErrorResponse.java (ext=.java, size=219)
2026-01-12 17:00:55,543 - Knowledge - INFO - Worker kw8 processing /app/data/T0015/304360/b0931pa/internet-banking-concept-microservices-304360/internet-banking-fund-transfer-service/wait-for-it.sh
2026-01-12 17:00:55,645 - Knowledge - INFO - Fast-tracked /app/data/T0015/304360/b0931pa/internet-banking-concept-microservices-304360/internet-banking-user-service/src/test/resources/application.yml (ext=.yml, size=723)
2026-01-12 17:00:55,725 - Knowledge - INFO - Fast-tracked /app/data/T0015/304360/b0931pa/internet-banking-concept-microservices-304360/internet-banking-user-service/src/main/java/com/javatodev/finance/configuration/feign/CustomFeignClientConfiguration.java (ext=.java, size=488)
2026-01-12 17:00:55,856 - Knowledge - INFO - Fast-tracked /app/data/T0015/304360/b0931pa/internet-banking-concept-microservices-304360/internet-banking-user-service/src/main/java/com/javatodev/finance/configuration/audit/AuditConfig.java (ext=.java, size=955)
2026-01-12 17:00:55,951 - Knowledge - INFO - Worker kw12 processing /app/data/T0015/304360/b0931pa/internet-banking-concept-microservices-304360/internet-banking-user-service/src/main/java/com/javatodev/finance/model/repository/UserRepository.java
2026-01-12 17:00:56,036 - Knowledge - INFO - Batch sizing: calculated=5, max_allowed=10, queue=133, active_workers=12/14
2026-01-12 17:00:56,112 - Knowledge - INFO - [LLM_CALL] Completed: wait-for-it.sh:chunk1, Duration: 3911ms, PromptTokens: 3802, CompletionTokens: 312, Cost: $0.00051
2026-01-12 17:00:56,154 - Knowledge - INFO - [kw14] Queue=128, InProgress=0, PendingWorkers=12/14, Completed=5/188 (2.7%)
2026-01-12 17:00:56,237 - Knowledge - INFO - knowledge worker kw15 start
2026-01-12 17:00:56,238 - Knowledge - INFO - Worker kw16 created using shared MongoDB connection pool
2026-01-12 17:00:56,359 - Knowledge - INFO - process ingested knowledge for /app/data/T0015/304360/b0931pa/internet-banking-concept-microservices-304360/internet-banking-service-registry/build.gradle
2026-01-12 17:00:56,538 - Knowledge - INFO - Fast-tracked /app/data/T0015/304360/b0931pa/internet-banking-concept-microservices-304360/internet-banking-fund-transfer-service/src/main/java/com/javatodev/finance/service/FundTransferService.java (small file (2070 bytes))
2026-01-12 17:00:56,653 - Knowledge - INFO - Worker kw5 processing /app/data/T0015/304360/b0931pa/internet-banking-concept-microservices-304360/internet-banking-fund-transfer-service/src/main/java/com/javatodev/finance/model/dto/request/UtilityPaymentRequest.java
2026-01-12 17:00:56,738 - Knowledge - INFO - Fast-tracked /app/data/T0015/304360/b0931pa/internet-banking-concept-microservices-304360/internet-banking-fund-transfer-service/src/main/java/com/javatodev/finance/model/dto/response/FundTransferResponse.java (ext=.java, size=178)
2026-01-12 17:00:56,815 - Knowledge - INFO - Worker kw7 processing /app/data/T0015/304360/b0931pa/internet-banking-concept-microservices-304360/internet-banking-fund-transfer-service/src/main/resources/application.yml
2026-01-12 17:00:56,903 - Knowledge - INFO - Worker kw8 processing /app/data/T0015/304360/b0931pa/internet-banking-concept-microservices-304360/internet-banking-fund-transfer-service/settings.gradle
2026-01-12 17:00:56,995 - Knowledge - INFO - Worker kw9 processing /app/data/T0015/304360/b0931pa/internet-banking-concept-microservices-304360/internet-banking-user-service/src/main/java/com/javatodev/finance/configuration/filter/AppAuthUserFilter.java
2026-01-12 17:00:57,078 - Knowledge - INFO - Worker kw10 processing /app/data/T0015/304360/b0931pa/internet-banking-concept-microservices-304360/internet-banking-user-service/src/main/java/com/javatodev/finance/configuration/keycloak/KeycloakProperties.java
2026-01-12 17:00:57,170 - Knowledge - INFO - Worker kw11 processing /app/data/T0015/304360/b0931pa/internet-banking-concept-microservices-304360/internet-banking-user-service/src/main/java/com/javatodev/finance/controller/UserController.java
2026-01-12 17:00:57,262 - Knowledge - INFO - Fast-tracked /app/data/T0015/304360/b0931pa/internet-banking-concept-microservices-304360/internet-banking-user-service/src/main/java/com/javatodev/finance/model/repository/UserRepository.java (ext=.java, size=242)
2026-01-12 17:00:57,471 - Knowledge - INFO - done ingest for /app/data/T0015/304360/b0931pa/internet-banking-concept-microservices-304360/internet-banking-service-registry/wait-for-it.sh
2026-01-12 17:00:57,472 - Knowledge - INFO - Processing batch of 5 files
2026-01-12 17:00:57,473 - Knowledge - INFO - Worker kw13 processing /app/data/T0015/304360/b0931pa/internet-banking-concept-microservices-304360/internet-banking-user-service/src/main/java/com/javatodev/finance/model/entity/UserEntity.java
2026-01-12 17:00:57,584 - Knowledge - INFO - Batch sizing: calculated=5, max_allowed=10, queue=128, active_workers=13/15
2026-01-12 17:00:57,680 - Knowledge - INFO - [kw15] Queue=123, InProgress=0, PendingWorkers=13/15, Completed=10/188 (5.3%)
2026-01-12 17:00:57,760 - Knowledge - INFO - knowledge worker kw16 start
2026-01-12 17:00:57,760 - Knowledge - INFO - Worker kw17 created using shared MongoDB connection pool
2026-01-12 17:00:57,851 - Knowledge - INFO - process ingested knowledge for /app/data/T0015/304360/b0931pa/internet-banking-concept-microservices-304360/internet-banking-fund-transfer-service/src/test/java/com/javatodev/finance/InternetBankingFundTransferServiceApplicationTests.java
2026-01-12 17:00:57,963 - Knowledge - INFO - Processing batch of 5 files
2026-01-12 17:00:58,045 - Knowledge - INFO - Fast-tracked /app/data/T0015/304360/b0931pa/internet-banking-concept-microservices-304360/internet-banking-fund-transfer-service/src/main/java/com/javatodev/finance/model/dto/request/UtilityPaymentRequest.java (ext=.java, size=270)
2026-01-12 17:00:58,143 - Knowledge - INFO - Worker kw6 processing /app/data/T0015/304360/b0931pa/internet-banking-concept-microservices-304360/internet-banking-fund-transfer-service/src/main/java/com/javatodev/finance/model/dto/response/UtilityPaymentResponse.java
2026-01-12 17:00:58,233 - Knowledge - INFO - Fast-tracked /app/data/T0015/304360/b0931pa/internet-banking-concept-microservices-304360/internet-banking-fund-transfer-service/src/main/resources/application.yml (ext=.yml, size=72)
2026-01-12 17:00:58,326 - Knowledge - INFO - Fast-tracked /app/data/T0015/304360/b0931pa/internet-banking-concept-microservices-304360/internet-banking-fund-transfer-service/settings.gradle (ext=.gradle, size=60)
2026-01-12 17:00:58,402 - Knowledge - INFO - Fast-tracked /app/data/T0015/304360/b0931pa/internet-banking-concept-microservices-304360/internet-banking-user-service/src/main/java/com/javatodev/finance/configuration/filter/AppAuthUserFilter.java (ext=.java, size=1176)
2026-01-12 17:00:58,479 - Knowledge - INFO - Fast-tracked /app/data/T0015/304360/b0931pa/internet-banking-concept-microservices-304360/internet-banking-user-service/src/main/java/com/javatodev/finance/configuration/keycloak/KeycloakProperties.java (ext=.java, size=1191)
2026-01-12 17:00:58,557 - Knowledge - INFO - Worker kw11 processing /app/data/T0015/304360/b0931pa/internet-banking-concept-microservices-304360/internet-banking-user-service/src/main/java/com/javatodev/finance/service/UserService.java
2026-01-12 17:00:58,644 - Knowledge - INFO - Worker kw12 processing /app/data/T0015/304360/b0931pa/internet-banking-concept-microservices-304360/internet-banking-user-service/src/main/java/com/javatodev/finance/model/rest/response/AccountResponse.java
2026-01-12 17:00:58,731 - Knowledge - INFO - Processing batch of 5 files
2026-01-12 17:00:58,822 - Knowledge - INFO - process ingested knowledge for /app/data/T0015/304360/b0931pa/internet-banking-concept-microservices-304360/internet-banking-fund-transfer-service/src/main/java/com/javatodev/finance/configuration/filter/ApiRequestContextHolder.java
2026-01-12 17:00:58,909 - Knowledge - INFO - Fast-tracked /app/data/T0015/304360/b0931pa/internet-banking-concept-microservices-304360/internet-banking-user-service/src/main/java/com/javatodev/finance/model/entity/UserEntity.java (ext=.java, size=524)
2026-01-12 17:00:59,028 - Knowledge - INFO - Worker kw14 processing /app/data/T0015/304360/b0931pa/internet-banking-concept-microservices-304360/internet-banking-user-service/src/main/java/com/javatodev/finance/InternetBankingUserServiceApplication.java
2026-01-12 17:00:59,132 - Knowledge - INFO - Batch sizing: calculated=5, max_allowed=10, queue=123, active_workers=14/16
2026-01-12 17:00:59,252 - Knowledge - INFO - [kw16] Queue=118, InProgress=0, PendingWorkers=14/16, Completed=20/188 (10.6%)
2026-01-12 17:00:59,353 - Knowledge - INFO - knowledge worker kw17 start
2026-01-12 17:00:59,353 - Knowledge - INFO - Worker kw18 created using shared MongoDB connection pool
2026-01-12 17:00:59,459 - Knowledge - INFO - process ingested knowledge for /app/data/T0015/304360/b0931pa/internet-banking-concept-microservices-304360/internet-banking-fund-transfer-service/src/test/resources/application.yml
2026-01-12 17:00:59,575 - Knowledge - INFO - process ingested knowledge for /app/data/T0015/304360/b0931pa/internet-banking-concept-microservices-304360/internet-banking-fund-transfer-service/src/main/java/com/javatodev/finance/InternetBankingFundTransferServiceApplication.java
2026-01-12 17:00:59,650 - Knowledge - INFO - Processing batch of 5 files
2026-01-12 17:00:59,752 - Knowledge - INFO - Fast-tracked /app/data/T0015/304360/b0931pa/internet-banking-concept-microservices-304360/internet-banking-fund-transfer-service/src/main/java/com/javatodev/finance/model/dto/response/UtilityPaymentResponse.java (ext=.java, size=91)
2026-01-12 17:00:59,834 - Knowledge - INFO - Worker kw7 processing /app/data/T0015/304360/b0931pa/internet-banking-concept-microservices-304360/internet-banking-fund-transfer-service/src/main/resources/bootstrap-dev.yml
2026-01-12 17:00:59,919 - Knowledge - INFO - Worker kw8 processing /app/data/T0015/304360/b0931pa/internet-banking-concept-microservices-304360/internet-banking-fund-transfer-service/build.gradle
2026-01-12 17:01:00,004 - Knowledge - INFO - Worker kw9 processing /app/data/T0015/304360/b0931pa/internet-banking-concept-microservices-304360/internet-banking-user-service/src/main/java/com/javatodev/finance/configuration/filter/ApiRequestContext.java
2026-01-12 17:01:00,094 - Knowledge - INFO - Worker kw10 processing /app/data/T0015/304360/b0931pa/internet-banking-concept-microservices-304360/internet-banking-user-service/src/main/java/com/javatodev/finance/configuration/keycloak/KeycloakManager.java
2026-01-12 17:01:00,193 - Knowledge - INFO - Worker kw11 processing /app/data/T0015/304360/b0931pa/internet-banking-concept-microservices-304360/internet-banking-user-service/src/main/java/com/javatodev/finance/service/rest/BankingCoreRestClient.java
2026-01-12 17:01:00,313 - Knowledge - INFO - Fast-tracked /app/data/T0015/304360/b0931pa/internet-banking-concept-microservices-304360/internet-banking-user-service/src/main/java/com/javatodev/finance/model/rest/response/AccountResponse.java (ext=.java, size=358)
2026-01-12 17:01:00,385 - Knowledge - INFO - process ingested knowledge for /app/data/T0015/304360/b0931pa/internet-banking-concept-microservices-304360/internet-banking-service-registry/src/test/java/com/javatodev/finance/InternetBankingServiceRegistryApplicationTests.java
2026-01-12 17:01:00,497 - Knowledge - INFO - process ingested knowledge for /app/data/T0015/304360/b0931pa/internet-banking-concept-microservices-304360/internet-banking-fund-transfer-service/src/main/java/com/javatodev/finance/configuration/CustomFeignClientConfiguration.java
2026-01-12 17:01:00,582 - Knowledge - INFO - Worker kw13 processing /app/data/T0015/304360/b0931pa/internet-banking-concept-microservices-304360/internet-banking-user-service/src/main/java/com/javatodev/finance/model/dto/Status.java
2026-01-12 17:01:00,683 - Knowledge - INFO - Fast-tracked /app/data/T0015/304360/b0931pa/internet-banking-concept-microservices-304360/internet-banking-user-service/src/main/java/com/javatodev/finance/InternetBankingUserServiceApplication.java (ext=.java, size=449)
2026-01-12 17:01:00,768 - Knowledge - INFO - Worker kw15 processing /app/data/T0015/304360/b0931pa/internet-banking-concept-microservices-304360/internet-banking-user-service/src/main/java/com/javatodev/finance/exception/UserAlreadyRegisteredException.java
2026-01-12 17:01:00,893 - Knowledge - INFO - Batch sizing: calculated=5, max_allowed=10, queue=118, active_workers=15/17
2026-01-12 17:01:00,980 - Knowledge - INFO - [kw17] Queue=113, InProgress=0, PendingWorkers=15/17, Completed=25/188 (13.3%)
2026-01-12 17:01:01,089 - Knowledge - INFO - knowledge worker kw18 start
2026-01-12 17:01:01,091 - Knowledge - INFO - Worker kw19 created using shared MongoDB connection pool
2026-01-12 17:01:01,207 - Knowledge - INFO - process ingested knowledge for /app/data/T0015/304360/b0931pa/internet-banking-concept-microservices-304360/internet-banking-fund-transfer-service/src/main/java/com/javatodev/finance/configuration/filter/AppAuthUserFilter.java
2026-01-12 17:01:01,279 - Knowledge - INFO - process ingested knowledge for /app/data/T0015/304360/b0931pa/internet-banking-concept-microservices-304360/internet-banking-fund-transfer-service/src/main/java/com/javatodev/finance/service/rest/client/BankingCoreFeignClient.java
2026-01-12 17:01:01,367 - Knowledge - INFO - process ingested knowledge for /app/data/T0015/304360/b0931pa/internet-banking-concept-microservices-304360/internet-banking-fund-transfer-service/src/main/java/com/javatodev/finance/model/mapper/BaseMapper.java
2026-01-12 17:01:01,470 - Knowledge - INFO - Processing batch of 5 files
2026-01-12 17:01:01,550 - Knowledge - INFO - Fast-tracked /app/data/T0015/304360/b0931pa/internet-banking-concept-microservices-304360/internet-banking-fund-transfer-service/src/main/resources/bootstrap-dev.yml (ext=.yml, size=64)
2026-01-12 17:01:01,642 - Knowledge - INFO - Fast-tracked /app/data/T0015/304360/b0931pa/internet-banking-concept-microservices-304360/internet-banking-fund-transfer-service/build.gradle (ext=.gradle, size=1808)
2026-01-12 17:01:01,752 - Knowledge - INFO - Fast-tracked /app/data/T0015/304360/b0931pa/internet-banking-concept-microservices-304360/internet-banking-user-service/src/main/java/com/javatodev/finance/configuration/filter/ApiRequestContext.java (ext=.java, size=176)
2026-01-12 17:01:01,844 - Knowledge - INFO - Fast-tracked /app/data/T0015/304360/b0931pa/internet-banking-concept-microservices-304360/internet-banking-user-service/src/main/java/com/javatodev/finance/configuration/keycloak/KeycloakManager.java (ext=.java, size=481)
2026-01-12 17:01:01,928 - Knowledge - INFO - Fast-tracked /app/data/T0015/304360/b0931pa/internet-banking-concept-microservices-304360/internet-banking-user-service/src/main/java/com/javatodev/finance/service/rest/BankingCoreRestClient.java (ext=.java, size=506)
2026-01-12 17:01:02,003 - Knowledge - INFO - Worker kw12 processing /app/data/T0015/304360/b0931pa/internet-banking-concept-microservices-304360/internet-banking-user-service/src/main/java/com/javatodev/finance/model/rest/response/UserResponse.java
2026-01-12 17:01:02,110 - Knowledge - INFO - process ingested knowledge for /app/data/T0015/304360/b0931pa/internet-banking-concept-microservices-304360/internet-banking-service-registry/src/main/java/com/javatodev/finance/InternetBankingServiceRegistryApplication.java
2026-01-12 17:01:02,190 - Knowledge - INFO - process ingested knowledge for /app/data/T0015/304360/b0931pa/internet-banking-concept-microservices-304360/internet-banking-fund-transfer-service/src/main/java/com/javatodev/finance/configuration/audit/AuditorAwareConfig.java
2026-01-12 17:01:02,270 - Knowledge - INFO - Fast-tracked /app/data/T0015/304360/b0931pa/internet-banking-concept-microservices-304360/internet-banking-user-service/src/main/java/com/javatodev/finance/model/dto/Status.java (ext=.java, size=108)
2026-01-12 17:01:02,350 - Knowledge - INFO - Worker kw14 processing /app/data/T0015/304360/b0931pa/internet-banking-concept-microservices-304360/internet-banking-user-service/src/main/java/com/javatodev/finance/exception/SimpleBankingGlobalException.java
2026-01-12 17:01:02,427 - Knowledge - INFO - Fast-tracked /app/data/T0015/304360/b0931pa/internet-banking-concept-microservices-304360/internet-banking-user-service/src/main/java/com/javatodev/finance/exception/UserAlreadyRegisteredException.java (ext=.java, size=236)
2026-01-12 17:01:02,523 - Knowledge - INFO - Worker kw16 processing /app/data/T0015/304360/b0931pa/internet-banking-concept-microservices-304360/internet-banking-user-service/src/main/resources/bootstrap-dev.yml
2026-01-12 17:01:02,612 - Knowledge - INFO - Batch sizing: calculated=5, max_allowed=10, queue=113, active_workers=16/18
2026-01-12 17:01:02,694 - Knowledge - INFO - [kw18] Queue=108, InProgress=0, PendingWorkers=16/18, Completed=30/188 (16.0%)
2026-01-12 17:01:02,816 - Knowledge - INFO - knowledge worker kw19 start
2026-01-12 17:01:02,816 - Knowledge - INFO - Worker kw20 created using shared MongoDB connection pool
2026-01-12 17:01:02,900 - Knowledge - INFO - process ingested knowledge for /app/data/T0015/304360/b0931pa/internet-banking-concept-microservices-304360/internet-banking-fund-transfer-service/src/main/java/com/javatodev/finance/configuration/filter/ApiRequestContext.java
2026-01-12 17:01:03,027 - Knowledge - INFO - process ingested knowledge for /app/data/T0015/304360/b0931pa/internet-banking-concept-microservices-304360/internet-banking-fund-transfer-service/src/main/java/com/javatodev/finance/service/FundTransferService.java
2026-01-12 17:01:03,112 - Knowledge - INFO - process ingested knowledge for /app/data/T0015/304360/b0931pa/internet-banking-concept-microservices-304360/internet-banking-fund-transfer-service/src/main/java/com/javatodev/finance/model/mapper/FundTransferMapper.java
2026-01-12 17:01:03,231 - Knowledge - INFO - process ingested knowledge for /app/data/T0015/304360/b0931pa/internet-banking-concept-microservices-304360/internet-banking-fund-transfer-service/src/main/java/com/javatodev/finance/model/dto/request/FundTransferRequest.java
2026-01-12 17:01:03,321 - Knowledge - INFO - Processing batch of 5 files
2026-01-12 17:01:03,490 - Knowledge - INFO - Worker kw9 processing /app/data/T0015/304360/b0931pa/internet-banking-concept-microservices-304360/internet-banking-user-service/src/main/java/com/javatodev/finance/configuration/filter/ApiRequestContextHolder.java
2026-01-12 17:01:03,571 - Knowledge - INFO - Worker kw10 processing /app/data/T0015/304360/b0931pa/internet-banking-concept-microservices-304360/internet-banking-user-service/src/main/java/com/javatodev/finance/configuration/audit/AuditorAwareConfig.java
2026-01-12 17:01:03,690 - Knowledge - INFO - Worker kw11 processing /app/data/T0015/304360/b0931pa/internet-banking-concept-microservices-304360/internet-banking-user-service/src/main/java/com/javatodev/finance/service/KeycloakUserService.java
2026-01-12 17:01:03,781 - Knowledge - INFO - Fast-tracked /app/data/T0015/304360/b0931pa/internet-banking-concept-microservices-304360/internet-banking-user-service/src/main/java/com/javatodev/finance/model/rest/response/UserResponse.java (ext=.java, size=365)
2026-01-12 17:01:03,879 - Knowledge - INFO - process ingested knowledge for /app/data/T0015/304360/b0931pa/internet-banking-concept-microservices-304360/internet-banking-service-registry/src/main/resources/application.yml
2026-01-12 17:01:03,961 - Knowledge - INFO - process ingested knowledge for /app/data/T0015/304360/b0931pa/internet-banking-concept-microservices-304360/internet-banking-fund-transfer-service/src/main/java/com/javatodev/finance/configuration/audit/AuditConfig.java
2026-01-12 17:01:04,044 - Knowledge - INFO - Worker kw13 processing /app/data/T0015/304360/b0931pa/internet-banking-concept-microservices-304360/internet-banking-user-service/src/main/java/com/javatodev/finance/model/dto/UserUpdateRequest.java
2026-01-12 17:01:04,164 - Knowledge - INFO - Fast-tracked /app/data/T0015/304360/b0931pa/internet-banking-concept-microservices-304360/internet-banking-user-service/src/main/java/com/javatodev/finance/exception/SimpleBankingGlobalException.java (ext=.java, size=423)
2026-01-12 17:01:04,253 - Knowledge - INFO - Worker kw15 processing /app/data/T0015/304360/b0931pa/internet-banking-concept-microservices-304360/internet-banking-user-service/src/main/java/com/javatodev/finance/exception/ErrorResponse.java
2026-01-12 17:01:04,330 - Knowledge - INFO - Fast-tracked /app/data/T0015/304360/b0931pa/internet-banking-concept-microservices-304360/internet-banking-user-service/src/main/resources/bootstrap-dev.yml (ext=.yml, size=64)
2026-01-12 17:01:04,411 - Knowledge - INFO - Worker kw17 processing /app/data/T0015/304360/b0931pa/internet-banking-concept-microservices-304360/internet-banking-user-service/build.gradle
2026-01-12 17:01:04,501 - Knowledge - INFO - Batch sizing: calculated=5, max_allowed=10, queue=108, active_workers=17/19
2026-01-12 17:01:04,577 - Knowledge - INFO - [kw19] Queue=103, InProgress=0, PendingWorkers=17/19, Completed=35/188 (18.6%)
2026-01-12 17:01:04,657 - Knowledge - INFO - knowledge worker kw20 start
2026-01-12 17:01:04,852 - Knowledge - INFO - process ingested knowledge for /app/data/T0015/304360/b0931pa/internet-banking-concept-microservices-304360/internet-banking-fund-transfer-service/src/main/java/com/javatodev/finance/model/repository/FundTransferRepository.java
2026-01-12 17:01:04,936 - Knowledge - INFO - process ingested knowledge for /app/data/T0015/304360/b0931pa/internet-banking-concept-microservices-304360/internet-banking-fund-transfer-service/src/main/java/com/javatodev/finance/model/entity/FundTransferEntity.java
2026-01-12 17:01:05,075 - Knowledge - INFO - process ingested knowledge for /app/data/T0015/304360/b0931pa/internet-banking-concept-microservices-304360/internet-banking-fund-transfer-service/src/main/java/com/javatodev/finance/model/dto/AuditAware.java
2026-01-12 17:01:05,098 - Knowledge - INFO - process ingested knowledge for /app/data/T0015/304360/b0931pa/internet-banking-concept-microservices-304360/internet-banking-fund-transfer-service/src/main/java/com/javatodev/finance/exception/SimpleBankingGlobalException.java
2026-01-12 17:01:05,187 - Knowledge - INFO - [WEBSOCKET] Sent: Type=progress_update, Size: 290, Duration: 0ms
2026-01-12 17:01:05,198 - Knowledge - INFO - Fast-tracked /app/data/T0015/304360/b0931pa/internet-banking-concept-microservices-304360/internet-banking-user-service/src/main/java/com/javatodev/finance/configuration/filter/ApiRequestContextHolder.java (ext=.java, size=687)
2026-01-12 17:01:05,282 - Knowledge - INFO - Fast-tracked /app/data/T0015/304360/b0931pa/internet-banking-concept-microservices-304360/internet-banking-user-service/src/main/java/com/javatodev/finance/configuration/audit/AuditorAwareConfig.java (ext=.java, size=608)
2026-01-12 17:01:05,382 - Knowledge - INFO - Fast-tracked /app/data/T0015/304360/b0931pa/internet-banking-concept-microservices-304360/internet-banking-user-service/src/main/java/com/javatodev/finance/service/KeycloakUserService.java (ext=.java, size=1677)
2026-01-12 17:01:05,464 - Knowledge - INFO - Worker kw12 processing /app/data/T0015/304360/b0931pa/internet-banking-concept-microservices-304360/internet-banking-user-service/src/main/java/com/javatodev/finance/model/mapper/BaseMapper.java
2026-01-12 17:01:05,544 - Knowledge - INFO - process ingested knowledge for /app/data/T0015/304360/b0931pa/internet-banking-concept-microservices-304360/internet-banking-service-registry/wait-for-it.sh
2026-01-12 17:01:05,620 - Knowledge - INFO - process ingested knowledge for /app/data/T0015/304360/b0931pa/internet-banking-concept-microservices-304360/internet-banking-fund-transfer-service/src/main/java/com/javatodev/finance/controller/FundTransferController.java
2026-01-12 17:01:05,733 - Knowledge - INFO - Fast-tracked /app/data/T0015/304360/b0931pa/internet-banking-concept-microservices-304360/internet-banking-user-service/src/main/java/com/javatodev/finance/model/dto/UserUpdateRequest.java (ext=.java, size=131)
2026-01-12 17:01:05,832 - Knowledge - INFO - Worker kw14 processing /app/data/T0015/304360/b0931pa/internet-banking-concept-microservices-304360/internet-banking-user-service/src/main/java/com/javatodev/finance/exception/GlobalErrorCode.java
2026-01-12 17:01:05,924 - Knowledge - INFO - Fast-tracked /app/data/T0015/304360/b0931pa/internet-banking-concept-microservices-304360/internet-banking-user-service/src/main/java/com/javatodev/finance/exception/ErrorResponse.java (ext=.java, size=219)
2026-01-12 17:01:06,015 - Knowledge - INFO - Worker kw16 processing /app/data/T0015/304360/b0931pa/internet-banking-concept-microservices-304360/internet-banking-user-service/src/main/resources/bootstrap.yml
2026-01-12 17:01:06,097 - Knowledge - INFO - Fast-tracked /app/data/T0015/304360/b0931pa/internet-banking-concept-microservices-304360/internet-banking-user-service/build.gradle (ext=.gradle, size=1952)
2026-01-12 17:01:06,283 - Knowledge - INFO - Batch sizing: calculated=5, max_allowed=10, queue=103, active_workers=18/20
2026-01-12 17:01:06,394 - Knowledge - INFO - [kw20] Queue=98, InProgress=0, PendingWorkers=18/20, Completed=35/188 (18.6%)
2026-01-12 17:01:06,490 - Knowledge - INFO - process ingested knowledge for /app/data/T0015/304360/b0931pa/internet-banking-concept-microservices-304360/internet-banking-fund-transfer-service/src/main/java/com/javatodev/finance/model/TransactionStatus.java
2026-01-12 17:01:06,580 - Knowledge - INFO - process ingested knowledge for /app/data/T0015/304360/b0931pa/internet-banking-concept-microservices-304360/internet-banking-fund-transfer-service/src/main/java/com/javatodev/finance/model/dto/FundTransfer.java
2026-01-12 17:01:06,669 - Knowledge - INFO - process ingested knowledge for /app/data/T0015/304360/b0931pa/internet-banking-concept-microservices-304360/internet-banking-fund-transfer-service/src/main/java/com/javatodev/finance/model/dto/response/AccountResponse.java
2026-01-12 17:01:06,754 - Knowledge - INFO - process ingested knowledge for /app/data/T0015/304360/b0931pa/internet-banking-concept-microservices-304360/internet-banking-fund-transfer-service/src/main/java/com/javatodev/finance/exception/GlobalExceptionHandler.java
2026-01-12 17:01:06,886 - Knowledge - INFO - Worker kw18 processing /app/data/T0015/304360/b0931pa/internet-banking-concept-microservices-304360/internet-banking-utility-payment-service/src/main/java/com/javatodev/finance/configuration/filter/ApiRequestContext.java
2026-01-12 17:01:06,886 - Knowledge - INFO - [WEBSOCKET] Sent: Type=unknown, Size: ?, Duration: 1699ms
2026-01-12 17:01:07,046 - Knowledge - INFO - Fast-tracked /app/data/T0015/304360/b0931pa/internet-banking-concept-microservices-304360/internet-banking-user-service/src/main/java/com/javatodev/finance/configuration/feign/CustomFeignErrorDecoder.java (small file (2652 bytes))
2026-01-12 17:01:07,167 - Knowledge - INFO - Fast-tracked /app/data/T0015/304360/b0931pa/internet-banking-concept-microservices-304360/internet-banking-user-service/src/main/java/com/javatodev/finance/controller/UserController.java (small file (2240 bytes))
2026-01-12 17:01:07,280 - Knowledge - INFO - Fast-tracked /app/data/T0015/304360/b0931pa/internet-banking-concept-microservices-304360/internet-banking-user-service/src/main/java/com/javatodev/finance/model/mapper/BaseMapper.java (ext=.java, size=1330)
2026-01-12 17:01:07,360 - Knowledge - INFO - process ingested knowledge for /app/data/T0015/304360/b0931pa/internet-banking-concept-microservices-304360/internet-banking-service-registry/settings.gradle
2026-01-12 17:01:07,578 - Knowledge - INFO - Worker kw13 processing /app/data/T0015/304360/b0931pa/internet-banking-concept-microservices-304360/internet-banking-user-service/src/main/java/com/javatodev/finance/model/dto/AuditAware.java
2026-01-12 17:01:07,707 - Knowledge - INFO - Fast-tracked /app/data/T0015/304360/b0931pa/internet-banking-concept-microservices-304360/internet-banking-user-service/src/main/java/com/javatodev/finance/exception/GlobalErrorCode.java (ext=.java, size=389)
2026-01-12 17:01:07,815 - Knowledge - INFO - Worker kw15 processing /app/data/T0015/304360/b0931pa/internet-banking-concept-microservices-304360/internet-banking-user-service/src/main/java/com/javatodev/finance/exception/EntityNotFoundException.java
2026-01-12 17:01:07,941 - Knowledge - INFO - Fast-tracked /app/data/T0015/304360/b0931pa/internet-banking-concept-microservices-304360/internet-banking-user-service/src/main/resources/bootstrap.yml (ext=.yml, size=62)
2026-01-12 17:01:08,017 - Knowledge - INFO - Worker kw17 processing /app/data/T0015/304360/b0931pa/internet-banking-concept-microservices-304360/internet-banking-utility-payment-service/src/test/java/com/javatodev/finance/InternetBankingUtilityPaymentServiceApplicationTests.java
2026-01-12 17:01:08,238 - Knowledge - INFO - Batch sizing: calculated=4, max_allowed=10, queue=98, active_workers=19/20
2026-01-12 17:01:08,497 - Knowledge - INFO - process ingested knowledge for /app/data/T0015/304360/b0931pa/internet-banking-concept-microservices-304360/internet-banking-fund-transfer-service/src/main/java/com/javatodev/finance/model/dto/request/UtilityPaymentRequest.java
2026-01-12 17:01:08,579 - Knowledge - INFO - process ingested knowledge for /app/data/T0015/304360/b0931pa/internet-banking-concept-microservices-304360/internet-banking-fund-transfer-service/src/main/java/com/javatodev/finance/model/dto/response/FundTransferResponse.java
2026-01-12 17:01:08,673 - Knowledge - INFO - process ingested knowledge for /app/data/T0015/304360/b0931pa/internet-banking-concept-microservices-304360/internet-banking-fund-transfer-service/src/main/java/com/javatodev/finance/exception/ErrorResponse.java
2026-01-12 17:01:08,760 - Knowledge - INFO - Fast-tracked /app/data/T0015/304360/b0931pa/internet-banking-concept-microservices-304360/internet-banking-utility-payment-service/src/main/java/com/javatodev/finance/configuration/filter/ApiRequestContext.java (ext=.java, size=176)
2026-01-12 17:01:08,837 - Knowledge - INFO - Progress: 18.6% | Files: 40/188 | Rate: 1.31 files/sec | Queue: 93
2026-01-12 17:01:08,838 - Knowledge - INFO - Processing batch of 5 files
2026-01-12 17:01:08,839 - Knowledge - INFO - Worker kw19 processing /app/data/T0015/304360/b0931pa/internet-banking-concept-microservices-304360/internet-banking-utility-payment-service/src/main/java/com/javatodev/finance/controller/UtilityPaymentController.java
2026-01-12 17:01:08,839 - Knowledge - INFO - [LLM_CALL] Completed: wait-for-it.sh:chunk1, Duration: 5442ms, PromptTokens: 3804, CompletionTokens: 331, Cost: $0.00051
2026-01-12 17:01:09,152 - Knowledge - INFO - Worker kw12 processing /app/data/T0015/304360/b0931pa/internet-banking-concept-microservices-304360/internet-banking-user-service/src/main/java/com/javatodev/finance/model/mapper/UserMapper.java
2026-01-12 17:01:09,363 - Knowledge - INFO - Fast-tracked /app/data/T0015/304360/b0931pa/internet-banking-concept-microservices-304360/internet-banking-user-service/src/main/java/com/javatodev/finance/model/dto/AuditAware.java (ext=.java, size=1071)
2026-01-12 17:01:09,455 - Knowledge - INFO - Worker kw14 processing /app/data/T0015/304360/b0931pa/internet-banking-concept-microservices-304360/internet-banking-user-service/src/main/java/com/javatodev/finance/exception/GlobalExceptionHandler.java
2026-01-12 17:01:09,543 - Knowledge - INFO - Fast-tracked /app/data/T0015/304360/b0931pa/internet-banking-concept-microservices-304360/internet-banking-user-service/src/main/java/com/javatodev/finance/exception/EntityNotFoundException.java (ext=.java, size=388)
2026-01-12 17:01:09,624 - Knowledge - INFO - Worker kw16 processing /app/data/T0015/304360/b0931pa/internet-banking-concept-microservices-304360/internet-banking-user-service/src/main/resources/bootstrap-docker.yml
2026-01-12 17:01:09,707 - Knowledge - INFO - Fast-tracked /app/data/T0015/304360/b0931pa/internet-banking-concept-microservices-304360/internet-banking-utility-payment-service/src/test/java/com/javatodev/finance/InternetBankingUtilityPaymentServiceApplicationTests.java (ext=.java, size=243)
2026-01-12 17:01:10,031 - Knowledge - INFO - process ingested knowledge for /app/data/T0015/304360/b0931pa/internet-banking-concept-microservices-304360/internet-banking-fund-transfer-service/src/main/java/com/javatodev/finance/model/dto/response/UtilityPaymentResponse.java
2026-01-12 17:01:10,106 - Knowledge - INFO - process ingested knowledge for /app/data/T0015/304360/b0931pa/internet-banking-concept-microservices-304360/internet-banking-fund-transfer-service/src/main/resources/application.yml
2026-01-12 17:01:10,182 - Knowledge - INFO - Worker kw18 processing /app/data/T0015/304360/b0931pa/internet-banking-concept-microservices-304360/internet-banking-utility-payment-service/src/main/java/com/javatodev/finance/configuration/filter/ApiRequestContextHolder.java
2026-01-12 17:01:10,272 - Knowledge - INFO - [kw2] Queue=89, InProgress=0, PendingWorkers=20/20, Completed=45/188 (23.9%)
2026-01-12 17:01:10,353 - Knowledge - INFO - process ingested knowledge for /app/data/T0015/304360/b0931pa/internet-banking-concept-microservices-304360/internet-banking-user-service/src/test/java/com/javatodev/finance/InternetBankingUserServiceApplicationTests.java
2026-01-12 17:01:10,455 - Knowledge - INFO - Fast-tracked /app/data/T0015/304360/b0931pa/internet-banking-concept-microservices-304360/internet-banking-utility-payment-service/src/main/java/com/javatodev/finance/controller/UtilityPaymentController.java (ext=.java, size=1583)
2026-01-12 17:01:10,531 - Knowledge - INFO - done ingest for /app/data/T0015/304360/b0931pa/internet-banking-concept-microservices-304360/internet-banking-fund-transfer-service/wait-for-it.sh
2026-01-12 17:01:10,533 - Knowledge - INFO - Processing batch of 5 files
2026-01-12 17:01:10,533 - Knowledge - INFO - Worker kw20 processing /app/data/T0015/304360/b0931pa/internet-banking-concept-microservices-304360/internet-banking-utility-payment-service/src/main/java/com/javatodev/finance/model/rest/request/UtilityPaymentRequest.java
2026-01-12 17:01:10,533 - Knowledge - INFO - [kw4] Queue=89, InProgress=0, PendingWorkers=20/20, Completed=45/188 (23.9%)
2026-01-12 17:01:10,533 - Knowledge - INFO - [kw1] Queue=89, InProgress=0, PendingWorkers=20/20, Completed=45/188 (23.9%)
2026-01-12 17:01:10,533 - Knowledge - INFO - [WEBSOCKET] Sent: Type=progress_update, Size: 288, Duration: 1ms
2026-01-12 17:01:10,624 - Knowledge - INFO - Fast-tracked /app/data/T0015/304360/b0931pa/internet-banking-concept-microservices-304360/internet-banking-user-service/src/main/java/com/javatodev/finance/model/mapper/UserMapper.java (ext=.java, size=740)
2026-01-12 17:01:10,709 - Knowledge - INFO - Worker kw13 processing /app/data/T0015/304360/b0931pa/internet-banking-concept-microservices-304360/internet-banking-user-service/src/main/java/com/javatodev/finance/model/dto/User.java
2026-01-12 17:01:10,818 - Knowledge - INFO - Fast-tracked /app/data/T0015/304360/b0931pa/internet-banking-concept-microservices-304360/internet-banking-user-service/src/main/java/com/javatodev/finance/exception/GlobalExceptionHandler.java (ext=.java, size=1159)
2026-01-12 17:01:10,911 - Knowledge - INFO - Worker kw15 processing /app/data/T0015/304360/b0931pa/internet-banking-concept-microservices-304360/internet-banking-user-service/src/main/java/com/javatodev/finance/exception/InvalidBankingUserException.java
2026-01-12 17:01:11,005 - Knowledge - INFO - Fast-tracked /app/data/T0015/304360/b0931pa/internet-banking-concept-microservices-304360/internet-banking-user-service/src/main/resources/bootstrap-docker.yml (ext=.yml, size=83)
2026-01-12 17:01:11,103 - Knowledge - INFO - Worker kw17 processing /app/data/T0015/304360/b0931pa/internet-banking-concept-microservices-304360/internet-banking-utility-payment-service/src/test/resources/application.yml
2026-01-12 17:01:11,282 - Knowledge - INFO - process ingested knowledge for /app/data/T0015/304360/b0931pa/internet-banking-concept-microservices-304360/internet-banking-fund-transfer-service/src/main/resources/bootstrap-dev.yml
2026-01-12 17:01:11,327 - Knowledge - INFO - Fast-tracked /app/data/T0015/304360/b0931pa/internet-banking-concept-microservices-304360/internet-banking-utility-payment-service/src/main/java/com/javatodev/finance/configuration/filter/ApiRequestContextHolder.java (ext=.java, size=687)
2026-01-12 17:01:11,421 - Knowledge - INFO - Batch sizing: calculated=4, max_allowed=10, queue=89, active_workers=20/20
2026-01-12 17:01:11,539 - Knowledge - INFO - process ingested knowledge for /app/data/T0015/304360/b0931pa/internet-banking-concept-microservices-304360/internet-banking-user-service/src/test/resources/application.yml
2026-01-12 17:01:11,625 - Knowledge - INFO - Worker kw19 processing /app/data/T0015/304360/b0931pa/internet-banking-concept-microservices-304360/internet-banking-utility-payment-service/src/main/java/com/javatodev/finance/InternetBankingUtilityPaymentServiceApplication.java
2026-01-12 17:01:11,797 - Knowledge - INFO - process ingested knowledge for /app/data/T0015/304360/b0931pa/internet-banking-concept-microservices-304360/internet-banking-user-service/src/main/java/com/javatodev/finance/configuration/feign/CustomFeignErrorDecoder.java
2026-01-12 17:01:11,877 - Knowledge - INFO - Fast-tracked /app/data/T0015/304360/b0931pa/internet-banking-concept-microservices-304360/internet-banking-utility-payment-service/src/main/java/com/javatodev/finance/model/rest/request/UtilityPaymentRequest.java (ext=.java, size=271)
2026-01-12 17:01:11,955 - Knowledge - INFO - Batch sizing: calculated=4, max_allowed=10, queue=89, active_workers=20/20
2026-01-12 17:01:12,068 - Knowledge - INFO - Batch sizing: calculated=4, max_allowed=10, queue=89, active_workers=20/20
2026-01-12 17:01:12,190 - Knowledge - INFO - [kw5] Queue=89, InProgress=0, PendingWorkers=20/20, Completed=50/188 (26.6%)
2026-01-12 17:01:12,191 - Knowledge - INFO - Processing batch of 5 files
2026-01-12 17:01:12,191 - Knowledge - INFO - [kw6] Queue=89, InProgress=0, PendingWorkers=20/20, Completed=50/188 (26.6%)
2026-01-12 17:01:12,191 - Knowledge - INFO - [WEBSOCKET] Sent: Type=unknown, Size: ?, Duration: 1659ms
2026-01-12 17:01:12,434 - Knowledge - INFO - Fast-tracked /app/data/T0015/304360/b0931pa/internet-banking-concept-microservices-304360/internet-banking-user-service/src/main/java/com/javatodev/finance/model/dto/User.java (ext=.java, size=351)
2026-01-12 17:01:12,558 - Knowledge - INFO - Worker kw14 processing /app/data/T0015/304360/b0931pa/internet-banking-concept-microservices-304360/internet-banking-user-service/src/main/java/com/javatodev/finance/exception/InvalidEmailException.java
2026-01-12 17:01:12,669 - Knowledge - INFO - Fast-tracked /app/data/T0015/304360/b0931pa/internet-banking-concept-microservices-304360/internet-banking-user-service/src/main/java/com/javatodev/finance/exception/InvalidBankingUserException.java (ext=.java, size=230)
2026-01-12 17:01:12,782 - Knowledge - INFO - Worker kw16 processing /app/data/T0015/304360/b0931pa/internet-banking-concept-microservices-304360/internet-banking-user-service/wait-for-it.sh
2026-01-12 17:01:12,872 - Knowledge - INFO - Fast-tracked /app/data/T0015/304360/b0931pa/internet-banking-concept-microservices-304360/internet-banking-utility-payment-service/src/test/resources/application.yml (ext=.yml, size=532)
2026-01-12 17:01:13,084 - Knowledge - INFO - Worker kw18 processing /app/data/T0015/304360/b0931pa/internet-banking-concept-microservices-304360/internet-banking-utility-payment-service/src/main/java/com/javatodev/finance/configuration/CustomFeignClientConfiguration.java
2026-01-12 17:01:13,312 - Knowledge - INFO - process ingested knowledge for /app/data/T0015/304360/b0931pa/internet-banking-concept-microservices-304360/internet-banking-user-service/src/main/java/com/javatodev/finance/configuration/filter/AppAuthUserFilter.java
2026-01-12 17:01:13,385 - Knowledge - INFO - Fast-tracked /app/data/T0015/304360/b0931pa/internet-banking-concept-microservices-304360/internet-banking-utility-payment-service/src/main/java/com/javatodev/finance/InternetBankingUtilityPaymentServiceApplication.java (ext=.java, size=469)
2026-01-12 17:01:13,510 - Knowledge - INFO - process ingested knowledge for /app/data/T0015/304360/b0931pa/internet-banking-concept-microservices-304360/internet-banking-user-service/src/main/java/com/javatodev/finance/configuration/feign/CustomFeignClientConfiguration.java
2026-01-12 17:01:13,604 - Knowledge - INFO - Worker kw20 processing /app/data/T0015/304360/b0931pa/internet-banking-concept-microservices-304360/internet-banking-utility-payment-service/src/main/java/com/javatodev/finance/model/rest/response/AccountResponse.java
2026-01-12 17:01:13,844 - Knowledge - INFO - Batch sizing: calculated=4, max_allowed=10, queue=89, active_workers=20/20
2026-01-12 17:01:13,963 - Knowledge - INFO - process ingested knowledge for /app/data/T0015/304360/b0931pa/internet-banking-concept-microservices-304360/internet-banking-fund-transfer-service/src/main/resources/bootstrap.yml
2026-01-12 17:01:14,045 - Knowledge - INFO - Batch sizing: calculated=4, max_allowed=10, queue=89, active_workers=20/20
2026-01-12 17:01:14,134 - Knowledge - INFO - Progress: 23.9% | Files: 55/188 | Rate: 1.53 files/sec | Queue: 77
2026-01-12 17:01:14,135 - Knowledge - INFO - Processing batch of 5 files
2026-01-12 17:01:14,135 - Knowledge - INFO - Async storing batch of 5 embeddings
2026-01-12 17:01:14,136 - Knowledge - INFO - Async storing batch of 5 embeddings
2026-01-12 17:01:14,136 - Knowledge - INFO - Async storing batch of 5 embeddings
2026-01-12 17:01:14,136 - Knowledge - INFO - [WEBSOCKET] Sent: Type=progress_update, Size: 291, Duration: 0ms
2026-01-12 17:01:14,314 - Knowledge - INFO - Fast-tracked /app/data/T0015/304360/b0931pa/internet-banking-concept-microservices-304360/internet-banking-user-service/src/main/java/com/javatodev/finance/exception/InvalidEmailException.java (ext=.java, size=218)
2026-01-12 17:01:14,382 - Knowledge - INFO - Worker kw15 processing /app/data/T0015/304360/b0931pa/internet-banking-concept-microservices-304360/internet-banking-user-service/src/main/resources/application.yml
2026-01-12 17:01:14,471 - Knowledge - INFO - Worker kw16 processing /app/data/T0015/304360/b0931pa/internet-banking-concept-microservices-304360/internet-banking-user-service/settings.gradle
2026-01-12 17:01:14,556 - Knowledge - INFO - Worker kw17 processing /app/data/T0015/304360/b0931pa/internet-banking-concept-microservices-304360/internet-banking-utility-payment-service/src/main/java/com/javatodev/finance/repository/UtilityPaymentRepository.java
2026-01-12 17:01:14,648 - Knowledge - INFO - Fast-tracked /app/data/T0015/304360/b0931pa/internet-banking-concept-microservices-304360/internet-banking-utility-payment-service/src/main/java/com/javatodev/finance/configuration/CustomFeignClientConfiguration.java (ext=.java, size=292)
2026-01-12 17:01:14,730 - Knowledge - INFO - process ingested knowledge for /app/data/T0015/304360/b0931pa/internet-banking-concept-microservices-304360/internet-banking-user-service/src/main/java/com/javatodev/finance/configuration/filter/ApiRequestContext.java
2026-01-12 17:01:14,819 - Knowledge - INFO - Worker kw19 processing /app/data/T0015/304360/b0931pa/internet-banking-concept-microservices-304360/internet-banking-utility-payment-service/src/main/java/com/javatodev/finance/service/rest/BankingCoreRestClient.java
2026-01-12 17:01:14,941 - Knowledge - INFO - process ingested knowledge for /app/data/T0015/304360/b0931pa/internet-banking-concept-microservices-304360/internet-banking-user-service/src/main/java/com/javatodev/finance/configuration/keycloak/KeycloakProperties.java
2026-01-12 17:01:15,034 - Knowledge - INFO - Fast-tracked /app/data/T0015/304360/b0931pa/internet-banking-concept-microservices-304360/internet-banking-utility-payment-service/src/main/java/com/javatodev/finance/model/rest/response/AccountResponse.java (ext=.java, size=319)
2026-01-12 17:01:15,235 - Knowledge - INFO - process ingested knowledge for /app/data/T0015/304360/b0931pa/internet-banking-concept-microservices-304360/internet-banking-fund-transfer-service/src/main/resources/bootstrap-docker.yml
2026-01-12 17:01:15,401 - Knowledge - INFO - [kw3] Queue=69, InProgress=0, PendingWorkers=20/20, Completed=60/188 (31.9%)
2026-01-12 17:01:15,515 - Knowledge - INFO - process ingested knowledge for /app/data/T0015/304360/b0931pa/internet-banking-concept-microservices-304360/internet-banking-user-service/src/main/java/com/javatodev/finance/model/repository/UserRepository.java
2026-01-12 17:01:15,628 - Knowledge - INFO - Worker kw2 processing /app/data/T0015/304360/b0931pa/internet-banking-concept-microservices-304360/internet-banking-utility-payment-service/src/main/java/com/javatodev/finance/model/mapper/UtilityPaymentMapper.java
2026-01-12 17:01:15,703 - Knowledge - INFO - Worker kw4 processing /app/data/T0015/304360/b0931pa/internet-banking-concept-microservices-304360/internet-banking-utility-payment-service/src/main/java/com/javatodev/finance/exception/SimpleBankingGlobalException.java
2026-01-12 17:01:15,793 - Knowledge - INFO - Worker kw1 processing /app/data/T0015/304360/b0931pa/internet-banking-concept-microservices-304360/internet-banking-utility-payment-service/src/main/resources/bootstrap-dev.yml
2026-01-12 17:01:15,870 - Knowledge - INFO - Processing batch of 5 files
2026-01-12 17:01:15,871 - Knowledge - INFO - Async storing batch of 5 embeddings
2026-01-12 17:01:15,872 - Knowledge - INFO - Async storing batch of 5 embeddings
2026-01-12 17:01:15,872 - Knowledge - INFO - [WEBSOCKET] Sent: Type=unknown, Size: ?, Duration: 1736ms
2026-01-12 17:01:16,051 - Knowledge - INFO - Fast-tracked /app/data/T0015/304360/b0931pa/internet-banking-concept-microservices-304360/internet-banking-user-service/src/main/resources/application.yml (ext=.yml, size=63)
2026-01-12 17:01:16,131 - Knowledge - INFO - Fast-tracked /app/data/T0015/304360/b0931pa/internet-banking-concept-microservices-304360/internet-banking-user-service/settings.gradle (ext=.gradle, size=51)
2026-01-12 17:01:16,236 - Knowledge - INFO - Fast-tracked /app/data/T0015/304360/b0931pa/internet-banking-concept-microservices-304360/internet-banking-utility-payment-service/src/main/java/com/javatodev/finance/repository/UtilityPaymentRepository.java (ext=.java, size=332)
2026-01-12 17:01:16,328 - Knowledge - INFO - Worker kw18 processing /app/data/T0015/304360/b0931pa/internet-banking-concept-microservices-304360/internet-banking-utility-payment-service/src/main/java/com/javatodev/finance/configuration/audit/AuditorAwareConfig.java
2026-01-12 17:01:16,448 - Knowledge - INFO - process ingested knowledge for /app/data/T0015/304360/b0931pa/internet-banking-concept-microservices-304360/internet-banking-user-service/src/main/java/com/javatodev/finance/configuration/filter/ApiRequestContextHolder.java
2026-01-12 17:01:16,570 - Knowledge - INFO - Fast-tracked /app/data/T0015/304360/b0931pa/internet-banking-concept-microservices-304360/internet-banking-utility-payment-service/src/main/java/com/javatodev/finance/service/rest/BankingCoreRestClient.java (ext=.java, size=1155)
2026-01-12 17:01:16,667 - Knowledge - INFO - process ingested knowledge for /app/data/T0015/304360/b0931pa/internet-banking-concept-microservices-304360/internet-banking-user-service/src/main/java/com/javatodev/finance/configuration/keycloak/KeycloakManager.java
2026-01-12 17:01:16,755 - Knowledge - INFO - Worker kw20 processing /app/data/T0015/304360/b0931pa/internet-banking-concept-microservices-304360/internet-banking-utility-payment-service/src/main/java/com/javatodev/finance/model/rest/response/UtilityPaymentResponse.java
2026-01-12 17:01:16,845 - Knowledge - INFO - process ingested knowledge for /app/data/T0015/304360/b0931pa/internet-banking-concept-microservices-304360/internet-banking-fund-transfer-service/wait-for-it.sh
2026-01-12 17:01:16,924 - Knowledge - INFO - Batch sizing: calculated=4, max_allowed=10, queue=69, active_workers=20/20
2026-01-12 17:01:17,008 - Knowledge - INFO - process ingested knowledge for /app/data/T0015/304360/b0931pa/internet-banking-concept-microservices-304360/internet-banking-user-service/src/main/java/com/javatodev/finance/model/rest/response/AccountResponse.java
2026-01-12 17:01:17,126 - Knowledge - INFO - Fast-tracked /app/data/T0015/304360/b0931pa/internet-banking-concept-microservices-304360/internet-banking-utility-payment-service/src/main/java/com/javatodev/finance/model/mapper/UtilityPaymentMapper.java (ext=.java, size=857)
2026-01-12 17:01:17,240 - Knowledge - INFO - Fast-tracked /app/data/T0015/304360/b0931pa/internet-banking-concept-microservices-304360/internet-banking-utility-payment-service/src/main/java/com/javatodev/finance/exception/SimpleBankingGlobalException.java (ext=.java, size=423)
2026-01-12 17:01:17,360 - Knowledge - INFO - Fast-tracked /app/data/T0015/304360/b0931pa/internet-banking-concept-microservices-304360/internet-banking-utility-payment-service/src/main/resources/bootstrap-dev.yml (ext=.yml, size=64)
2026-01-12 17:01:17,444 - Knowledge - INFO - process ingested knowledge for /app/data/T0015/304360/b0931pa/internet-banking-concept-microservices-304360/internet-banking-user-service/src/main/java/com/javatodev/finance/model/entity/UserEntity.java
2026-01-12 17:01:17,521 - Knowledge - INFO - Worker kw5 processing /app/data/T0015/304360/b0931pa/internet-banking-concept-microservices-304360/internet-banking-utility-payment-service/settings.gradle
2026-01-12 17:01:17,634 - Knowledge - INFO - Worker kw6 processing /app/data/T0015/304360/b0931pa/internet-banking-concept-microservices-304360/internet-banking-api-gateway/src/main/java/com/javatodev/finance/configuration/GatewayConfiguration.java
2026-01-12 17:01:17,747 - Knowledge - INFO - Progress: 29.3% | Files: 65/188 | Rate: 1.65 files/sec | Queue: 69
2026-01-12 17:01:17,747 - Knowledge - INFO - Processing batch of 5 files
2026-01-12 17:01:17,831 - Knowledge - INFO - Processing batch of 5 files
2026-01-12 17:01:18,074 - Knowledge - INFO - Worker kw17 processing /app/data/T0015/304360/b0931pa/internet-banking-concept-microservices-304360/internet-banking-utility-payment-service/src/main/java/com/javatodev/finance/configuration/filter/AppAuthUserFilter.java
2026-01-12 17:01:18,255 - Knowledge - INFO - Fast-tracked /app/data/T0015/304360/b0931pa/internet-banking-concept-microservices-304360/internet-banking-utility-payment-service/src/main/java/com/javatodev/finance/configuration/audit/AuditorAwareConfig.java (ext=.java, size=608)
2026-01-12 17:01:18,442 - Knowledge - INFO - Worker kw19 processing /app/data/T0015/304360/b0931pa/internet-banking-concept-microservices-304360/internet-banking-utility-payment-service/src/main/java/com/javatodev/finance/service/UtilityPaymentService.java
2026-01-12 17:01:18,637 - Knowledge - INFO - process ingested knowledge for /app/data/T0015/304360/b0931pa/internet-banking-concept-microservices-304360/internet-banking-user-service/src/main/java/com/javatodev/finance/configuration/audit/AuditorAwareConfig.java
2026-01-12 17:01:18,651 - Knowledge - INFO - Fast-tracked /app/data/T0015/304360/b0931pa/internet-banking-concept-microservices-304360/internet-banking-utility-payment-service/src/main/java/com/javatodev/finance/model/rest/response/UtilityPaymentResponse.java (ext=.java, size=213)
2026-01-12 17:01:18,767 - Knowledge - INFO - process ingested knowledge for /app/data/T0015/304360/b0931pa/internet-banking-concept-microservices-304360/internet-banking-fund-transfer-service/settings.gradle
2026-01-12 17:01:18,864 - Knowledge - INFO - Async storing batch of 5 embeddings
2026-01-12 17:01:18,993 - Knowledge - INFO - [LLM_CALL] Completed: UserService.java:chunk1, Duration: 8460ms, PromptTokens: 2660, CompletionTokens: 677, Cost: $0.00054
2026-01-12 17:01:19,034 - Knowledge - INFO - process ingested knowledge for /app/data/T0015/304360/b0931pa/internet-banking-concept-microservices-304360/internet-banking-user-service/src/main/java/com/javatodev/finance/model/rest/response/UserResponse.java
2026-01-12 17:01:19,060 - Knowledge - INFO - Worker kw2 processing /app/data/T0015/304360/b0931pa/internet-banking-concept-microservices-304360/internet-banking-utility-payment-service/src/main/java/com/javatodev/finance/model/entity/UtilityPaymentEntity.java
2026-01-12 17:01:19,161 - Knowledge - INFO - Worker kw4 processing /app/data/T0015/304360/b0931pa/internet-banking-concept-microservices-304360/internet-banking-utility-payment-service/src/main/java/com/javatodev/finance/exception/GlobalExceptionHandler.java
2026-01-12 17:01:19,249 - Knowledge - INFO - Worker kw1 processing /app/data/T0015/304360/b0931pa/internet-banking-concept-microservices-304360/internet-banking-utility-payment-service/src/main/resources/bootstrap.yml
2026-01-12 17:01:19,390 - Knowledge - INFO - process ingested knowledge for /app/data/T0015/304360/b0931pa/internet-banking-concept-microservices-304360/internet-banking-user-service/src/main/java/com/javatodev/finance/model/dto/Status.java
2026-01-12 17:01:19,484 - Knowledge - INFO - Fast-tracked /app/data/T0015/304360/b0931pa/internet-banking-concept-microservices-304360/internet-banking-utility-payment-service/settings.gradle (ext=.gradle, size=62)
2026-01-12 17:01:19,610 - Knowledge - INFO - Fast-tracked /app/data/T0015/304360/b0931pa/internet-banking-concept-microservices-304360/internet-banking-api-gateway/src/main/java/com/javatodev/finance/configuration/GatewayConfiguration.java (ext=.java, size=981)
2026-01-12 17:01:19,691 - Knowledge - INFO - [kw7] Queue=65, InProgress=0, PendingWorkers=20/20, Completed=70/188 (37.2%)
2026-01-12 17:01:19,772 - Knowledge - INFO - process ingested knowledge for /app/data/T0015/304360/b0931pa/internet-banking-concept-microservices-304360/internet-banking-user-service/src/main/java/com/javatodev/finance/InternetBankingUserServiceApplication.java
2026-01-12 17:01:19,852 - Knowledge - INFO - process ingested knowledge for /app/data/T0015/304360/b0931pa/internet-banking-concept-microservices-304360/internet-banking-user-service/src/main/java/com/javatodev/finance/exception/UserAlreadyRegisteredException.java
2026-01-12 17:01:19,980 - Knowledge - INFO - Fast-tracked /app/data/T0015/304360/b0931pa/internet-banking-concept-microservices-304360/internet-banking-utility-payment-service/src/main/java/com/javatodev/finance/configuration/filter/AppAuthUserFilter.java (ext=.java, size=1176)
2026-01-12 17:01:20,054 - Knowledge - INFO - Worker kw18 processing /app/data/T0015/304360/b0931pa/internet-banking-concept-microservices-304360/internet-banking-utility-payment-service/src/main/java/com/javatodev/finance/configuration/audit/AuditConfig.java
2026-01-12 17:01:20,187 - Knowledge - INFO - Worker kw19 processing /app/data/T0015/304360/b0931pa/internet-banking-concept-microservices-304360/internet-banking-utility-payment-service/src/main/java/com/javatodev/finance/model/TransactionStatus.java
2026-01-12 17:01:20,363 - Knowledge - INFO - Worker kw20 processing /app/data/T0015/304360/b0931pa/internet-banking-concept-microservices-304360/internet-banking-utility-payment-service/src/main/java/com/javatodev/finance/model/mapper/BaseMapper.java
2026-01-12 17:01:20,535 - Knowledge - INFO - process ingested knowledge for /app/data/T0015/304360/b0931pa/internet-banking-concept-microservices-304360/internet-banking-fund-transfer-service/build.gradle
2026-01-12 17:01:20,562 - Knowledge - INFO - Worker kw3 processing /app/data/T0015/304360/b0931pa/internet-banking-concept-microservices-304360/internet-banking-api-gateway/src/main/resources/bootstrap.yml
2026-01-12 17:01:20,659 - Knowledge - INFO - done ingest for /app/data/T0015/304360/b0931pa/internet-banking-concept-microservices-304360/internet-banking-user-service/src/main/java/com/javatodev/finance/service/UserService.java
2026-01-12 17:01:20,709 - Knowledge - INFO - [WEBSOCKET] Sent: Type=progress_update, Size: 291, Duration: 0ms
2026-01-12 17:01:20,736 - Knowledge - INFO - process ingested knowledge for /app/data/T0015/304360/b0931pa/internet-banking-concept-microservices-304360/internet-banking-user-service/src/main/java/com/javatodev/finance/model/mapper/BaseMapper.java
2026-01-12 17:01:20,816 - Knowledge - INFO - Fast-tracked /app/data/T0015/304360/b0931pa/internet-banking-concept-microservices-304360/internet-banking-utility-payment-service/src/main/java/com/javatodev/finance/model/entity/UtilityPaymentEntity.java (ext=.java, size=688)
2026-01-12 17:01:20,901 - Knowledge - INFO - Fast-tracked /app/data/T0015/304360/b0931pa/internet-banking-concept-microservices-304360/internet-banking-utility-payment-service/src/main/java/com/javatodev/finance/exception/GlobalExceptionHandler.java (ext=.java, size=1118)
2026-01-12 17:01:20,982 - Knowledge - INFO - Fast-tracked /app/data/T0015/304360/b0931pa/internet-banking-concept-microservices-304360/internet-banking-utility-payment-service/src/main/resources/bootstrap.yml (ext=.yml, size=62)
2026-01-12 17:01:21,062 - Knowledge - INFO - process ingested knowledge for /app/data/T0015/304360/b0931pa/internet-banking-concept-microservices-304360/internet-banking-user-service/src/main/java/com/javatodev/finance/model/dto/UserUpdateRequest.java
2026-01-12 17:01:21,140 - Knowledge - INFO - Worker kw5 processing /app/data/T0015/304360/b0931pa/internet-banking-concept-microservices-304360/internet-banking-utility-payment-service/build.gradle
2026-01-12 17:01:21,218 - Knowledge - INFO - Worker kw6 processing /app/data/T0015/304360/b0931pa/internet-banking-concept-microservices-304360/internet-banking-api-gateway/src/main/java/com/javatodev/finance/InternetBankingApiGatewayApplication.java
2026-01-12 17:01:21,301 - Knowledge - INFO - Batch sizing: calculated=4, max_allowed=10, queue=65, active_workers=20/20
2026-01-12 17:01:21,381 - Knowledge - INFO - process ingested knowledge for /app/data/T0015/304360/b0931pa/internet-banking-concept-microservices-304360/internet-banking-user-service/src/main/java/com/javatodev/finance/exception/SimpleBankingGlobalException.java
2026-01-12 17:01:21,460 - Knowledge - INFO - process ingested knowledge for /app/data/T0015/304360/b0931pa/internet-banking-concept-microservices-304360/internet-banking-user-service/src/main/java/com/javatodev/finance/exception/ErrorResponse.java
2026-01-12 17:01:21,623 - Knowledge - INFO - Fast-tracked /app/data/T0015/304360/b0931pa/internet-banking-concept-microservices-304360/internet-banking-utility-payment-service/src/main/java/com/javatodev/finance/configuration/audit/AuditConfig.java (ext=.java, size=955)
2026-01-12 17:01:21,702 - Knowledge - INFO - Fast-tracked /app/data/T0015/304360/b0931pa/internet-banking-concept-microservices-304360/internet-banking-utility-payment-service/src/main/java/com/javatodev/finance/model/TransactionStatus.java (ext=.java, size=113)
2026-01-12 17:01:21,781 - Knowledge - INFO - Fast-tracked /app/data/T0015/304360/b0931pa/internet-banking-concept-microservices-304360/internet-banking-utility-payment-service/src/main/java/com/javatodev/finance/model/mapper/BaseMapper.java (ext=.java, size=1330)
2026-01-12 17:01:21,944 - Knowledge - INFO - Fast-tracked /app/data/T0015/304360/b0931pa/internet-banking-concept-microservices-304360/internet-banking-api-gateway/src/main/resources/bootstrap.yml (ext=.yml, size=62)
2026-01-12 17:01:22,084 - Knowledge - INFO - Processing batch of 5 files
2026-01-12 17:01:22,085 - Knowledge - INFO - Processing batch of 5 files
2026-01-12 17:01:22,085 - Knowledge - INFO - [WEBSOCKET] Sent: Type=unknown, Size: ?, Duration: 1375ms
2026-01-12 17:01:22,147 - Knowledge - INFO - [kw10] Queue=65, InProgress=0, PendingWorkers=20/20, Completed=80/188 (42.6%)
2026-01-12 17:01:22,230 - Knowledge - INFO - process ingested knowledge for /app/data/T0015/304360/b0931pa/internet-banking-concept-microservices-304360/internet-banking-user-service/src/main/java/com/javatodev/finance/model/mapper/UserMapper.java
2026-01-12 17:01:22,297 - Knowledge - INFO - Worker kw2 processing /app/data/T0015/304360/b0931pa/internet-banking-concept-microservices-304360/internet-banking-utility-payment-service/src/main/java/com/javatodev/finance/model/dto/UtilityPayment.java
2026-01-12 17:01:22,421 - Knowledge - INFO - Worker kw4 processing /app/data/T0015/304360/b0931pa/internet-banking-concept-microservices-304360/internet-banking-utility-payment-service/src/main/java/com/javatodev/finance/exception/ErrorResponse.java
2026-01-12 17:01:22,508 - Knowledge - INFO - Worker kw1 processing /app/data/T0015/304360/b0931pa/internet-banking-concept-microservices-304360/internet-banking-utility-payment-service/src/main/resources/bootstrap-docker.yml
2026-01-12 17:01:22,604 - Knowledge - INFO - process ingested knowledge for /app/data/T0015/304360/b0931pa/internet-banking-concept-microservices-304360/internet-banking-user-service/src/main/java/com/javatodev/finance/model/dto/AuditAware.java
2026-01-12 17:01:22,735 - Knowledge - INFO - Fast-tracked /app/data/T0015/304360/b0931pa/internet-banking-concept-microservices-304360/internet-banking-utility-payment-service/build.gradle (ext=.gradle, size=1789)
2026-01-12 17:01:22,840 - Knowledge - INFO - Fast-tracked /app/data/T0015/304360/b0931pa/internet-banking-concept-microservices-304360/internet-banking-api-gateway/src/main/java/com/javatodev/finance/InternetBankingApiGatewayApplication.java (ext=.java, size=364)
2026-01-12 17:01:23,037 - Knowledge - INFO - process ingested knowledge for /app/data/T0015/304360/b0931pa/internet-banking-concept-microservices-304360/internet-banking-user-service/src/main/java/com/javatodev/finance/exception/GlobalErrorCode.java
2026-01-12 17:01:23,125 - Knowledge - INFO - process ingested knowledge for /app/data/T0015/304360/b0931pa/internet-banking-concept-microservices-304360/internet-banking-user-service/src/main/java/com/javatodev/finance/exception/EntityNotFoundException.java
2026-01-12 17:01:23,331 - Knowledge - INFO - Fast-tracked /app/data/T0015/304360/b0931pa/internet-banking-concept-microservices-304360/internet-banking-utility-payment-service/src/main/java/com/javatodev/finance/service/UtilityPaymentService.java (small file (2382 bytes))
2026-01-12 17:01:23,557 - Knowledge - INFO - Worker kw3 processing /app/data/T0015/304360/b0931pa/internet-banking-concept-microservices-304360/internet-banking-api-gateway/src/main/resources/bootstrap-docker.yml
2026-01-12 17:01:23,682 - Knowledge - INFO - process ingested knowledge for /app/data/T0015/304360/b0931pa/internet-banking-concept-microservices-304360/internet-banking-user-service/build.gradle
2026-01-12 17:01:23,787 - Knowledge - INFO - process ingested knowledge for /app/data/T0015/304360/b0931pa/internet-banking-concept-microservices-304360/internet-banking-user-service/src/main/java/com/javatodev/finance/configuration/audit/AuditConfig.java
2026-01-12 17:01:23,873 - Knowledge - INFO - Progress: 37.2% | Files: 89/188 | Rate: 1.93 files/sec | Queue: 61
2026-01-12 17:01:23,874 - Knowledge - INFO - [LLM_CALL] Completed: wait-for-it.sh:chunk1, Duration: 5925ms, PromptTokens: 3800, CompletionTokens: 317, Cost: $0.00051
2026-01-12 17:01:23,976 - Knowledge - INFO - Batch sizing: calculated=4, max_allowed=10, queue=65, active_workers=20/20
2026-01-12 17:01:24,174 - Knowledge - INFO - Fast-tracked /app/data/T0015/304360/b0931pa/internet-banking-concept-microservices-304360/internet-banking-utility-payment-service/src/main/java/com/javatodev/finance/model/dto/UtilityPayment.java (ext=.java, size=367)
2026-01-12 17:01:24,253 - Knowledge - INFO - Fast-tracked /app/data/T0015/304360/b0931pa/internet-banking-concept-microservices-304360/internet-banking-utility-payment-service/src/main/java/com/javatodev/finance/exception/ErrorResponse.java (ext=.java, size=219)
2026-01-12 17:01:24,341 - Knowledge - INFO - Fast-tracked /app/data/T0015/304360/b0931pa/internet-banking-concept-microservices-304360/internet-banking-utility-payment-service/src/main/resources/bootstrap-docker.yml (ext=.yml, size=83)
2026-01-12 17:01:24,459 - Knowledge - INFO - process ingested knowledge for /app/data/T0015/304360/b0931pa/internet-banking-concept-microservices-304360/internet-banking-user-service/src/main/java/com/javatodev/finance/model/dto/User.java
2026-01-12 17:01:24,502 - Knowledge - INFO - Worker kw5 processing /app/data/T0015/304360/b0931pa/internet-banking-concept-microservices-304360/internet-banking-api-gateway/src/test/java/com/javatodev/finance/InternetBankingApiGatewayApplicationTests.java
2026-01-12 17:01:24,632 - Knowledge - INFO - Worker kw6 processing /app/data/T0015/304360/b0931pa/internet-banking-concept-microservices-304360/internet-banking-api-gateway/src/main/resources/application.yml
2026-01-12 17:01:24,743 - Knowledge - INFO - process ingested knowledge for /app/data/T0015/304360/b0931pa/internet-banking-concept-microservices-304360/internet-banking-user-service/src/main/java/com/javatodev/finance/exception/GlobalExceptionHandler.java
2026-01-12 17:01:24,833 - Knowledge - INFO - process ingested knowledge for /app/data/T0015/304360/b0931pa/internet-banking-concept-microservices-304360/internet-banking-user-service/src/main/java/com/javatodev/finance/exception/InvalidBankingUserException.java
2026-01-12 17:01:24,990 - Knowledge - INFO - Fast-tracked /app/data/T0015/304360/b0931pa/internet-banking-concept-microservices-304360/internet-banking-api-gateway/src/main/resources/bootstrap-docker.yml (ext=.yml, size=83)
2026-01-12 17:01:25,096 - Knowledge - INFO - process ingested knowledge for /app/data/T0015/304360/b0931pa/internet-banking-concept-microservices-304360/internet-banking-utility-payment-service/src/test/java/com/javatodev/finance/InternetBankingUtilityPaymentServiceApplicationTests.java
2026-01-12 17:01:25,211 - Knowledge - INFO - process ingested knowledge for /app/data/T0015/304360/b0931pa/internet-banking-concept-microservices-304360/internet-banking-user-service/src/main/java/com/javatodev/finance/controller/UserController.java
2026-01-12 17:01:25,325 - Knowledge - INFO - [kw9] Queue=61, InProgress=0, PendingWorkers=20/20, Completed=94/188 (50.0%)
2026-01-12 17:01:25,402 - Knowledge - INFO - done ingest for /app/data/T0015/304360/b0931pa/internet-banking-concept-microservices-304360/internet-banking-user-service/wait-for-it.sh
2026-01-12 17:01:25,402 - Knowledge - INFO - Processing batch of 4 files
2026-01-12 17:01:25,402 - Knowledge - INFO - Async storing batch of 5 embeddings
2026-01-12 17:01:25,404 - Knowledge - INFO - Processing batch of 5 files
2026-01-12 17:01:25,404 - Knowledge - INFO - Processing batch of 5 files
2026-01-12 17:01:25,405 - Knowledge - INFO - [WEBSOCKET] Sent: Type=progress_update, Size: 291, Duration: 0ms
2026-01-12 17:01:25,604 - Knowledge - INFO - Worker kw2 processing /app/data/T0015/304360/b0931pa/internet-banking-concept-microservices-304360/internet-banking-utility-payment-service/src/main/java/com/javatodev/finance/model/dto/AuditAware.java
2026-01-12 17:01:25,701 - Knowledge - INFO - Worker kw4 processing /app/data/T0015/304360/b0931pa/internet-banking-concept-microservices-304360/internet-banking-utility-payment-service/src/main/resources/application.yml
2026-01-12 17:01:25,771 - Knowledge - INFO - Worker kw1 processing /app/data/T0015/304360/b0931pa/internet-banking-concept-microservices-304360/internet-banking-utility-payment-service/wait-for-it.sh
2026-01-12 17:01:25,960 - Knowledge - INFO - Fast-tracked /app/data/T0015/304360/b0931pa/internet-banking-concept-microservices-304360/internet-banking-api-gateway/src/test/java/com/javatodev/finance/InternetBankingApiGatewayApplicationTests.java (ext=.java, size=241)
2026-01-12 17:01:26,048 - Knowledge - INFO - Fast-tracked /app/data/T0015/304360/b0931pa/internet-banking-concept-microservices-304360/internet-banking-api-gateway/src/main/resources/application.yml (ext=.yml, size=62)
2026-01-12 17:01:26,209 - Knowledge - INFO - process ingested knowledge for /app/data/T0015/304360/b0931pa/internet-banking-concept-microservices-304360/internet-banking-user-service/src/main/java/com/javatodev/finance/exception/InvalidEmailException.java
2026-01-12 17:01:26,286 - Knowledge - INFO - process ingested knowledge for /app/data/T0015/304360/b0931pa/internet-banking-concept-microservices-304360/internet-banking-user-service/src/main/resources/application.yml
2026-01-12 17:01:26,364 - Knowledge - INFO - Worker kw3 processing /app/data/T0015/304360/b0931pa/internet-banking-concept-microservices-304360/internet-banking-api-gateway/wait-for-it.sh
2026-01-12 17:01:26,439 - Knowledge - INFO - process ingested knowledge for /app/data/T0015/304360/b0931pa/internet-banking-concept-microservices-304360/internet-banking-utility-payment-service/src/test/resources/application.yml
2026-01-12 17:01:26,568 - Knowledge - INFO - process ingested knowledge for /app/data/T0015/304360/b0931pa/internet-banking-concept-microservices-304360/internet-banking-user-service/src/main/java/com/javatodev/finance/service/UserService.java
2026-01-12 17:01:26,655 - Knowledge - INFO - Batch sizing: calculated=4, max_allowed=10, queue=61, active_workers=20/20
2026-01-12 17:01:26,855 - Knowledge - INFO - process ingested knowledge for /app/data/T0015/304360/b0931pa/internet-banking-concept-microservices-304360/internet-banking-utility-payment-service/src/main/java/com/javatodev/finance/model/rest/request/UtilityPaymentRequest.java
2026-01-12 17:01:26,935 - Knowledge - INFO - Worker kw7 processing /app/data/T0015/304360/b0931pa/internet-banking-concept-microservices-304360/internet-banking-api-gateway/build.gradle
2026-01-12 17:01:27,020 - Knowledge - INFO - process ingested knowledge for /app/data/T0015/304360/b0931pa/internet-banking-concept-microservices-304360/internet-banking-utility-payment-service/src/main/java/com/javatodev/finance/configuration/filter/ApiRequestContext.java
2026-01-12 17:01:27,121 - Knowledge - INFO - process ingested knowledge for /app/data/T0015/304360/b0931pa/internet-banking-concept-microservices-304360/internet-banking-utility-payment-service/src/main/java/com/javatodev/finance/controller/UtilityPaymentController.java
2026-01-12 17:01:27,206 - Knowledge - INFO - Async storing batch of 5 embeddings
2026-01-12 17:01:27,206 - Knowledge - INFO - Processing batch of 5 files
2026-01-12 17:01:27,207 - Knowledge - INFO - [WEBSOCKET] Sent: Type=unknown, Size: ?, Duration: 2ms
2026-01-12 17:01:27,286 - Knowledge - INFO - Fast-tracked /app/data/T0015/304360/b0931pa/internet-banking-concept-microservices-304360/internet-banking-utility-payment-service/src/main/java/com/javatodev/finance/model/dto/AuditAware.java (ext=.java, size=1071)
2026-01-12 17:01:27,379 - Knowledge - INFO - Fast-tracked /app/data/T0015/304360/b0931pa/internet-banking-concept-microservices-304360/internet-banking-utility-payment-service/src/main/resources/application.yml (ext=.yml, size=75)
2026-01-12 17:01:27,569 - Knowledge - INFO - Worker kw5 processing /app/data/T0015/304360/b0931pa/internet-banking-concept-microservices-304360/internet-banking-api-gateway/src/main/java/com/javatodev/finance/configuration/security/SecurityConfiguration.java
2026-01-12 17:01:27,651 - Knowledge - INFO - Worker kw6 processing /app/data/T0015/304360/b0931pa/internet-banking-concept-microservices-304360/internet-banking-api-gateway/src/main/resources/bootstrap-dev.yml
2026-01-12 17:01:27,946 - Knowledge - INFO - Worker kw3 processing /app/data/T0015/304360/b0931pa/internet-banking-concept-microservices-304360/internet-banking-api-gateway/settings.gradle
2026-01-12 17:01:28,115 - Knowledge - INFO - process ingested knowledge for /app/data/T0015/304360/b0931pa/internet-banking-concept-microservices-304360/internet-banking-utility-payment-service/src/main/java/com/javatodev/finance/repository/UtilityPaymentRepository.java
2026-01-12 17:01:28,229 - Knowledge - INFO - process ingested knowledge for /app/data/T0015/304360/b0931pa/internet-banking-concept-microservices-304360/internet-banking-user-service/src/main/java/com/javatodev/finance/service/rest/BankingCoreRestClient.java
2026-01-12 17:01:28,395 - Knowledge - INFO - process ingested knowledge for /app/data/T0015/304360/b0931pa/internet-banking-concept-microservices-304360/internet-banking-utility-payment-service/src/main/java/com/javatodev/finance/model/rest/response/AccountResponse.java
2026-01-12 17:01:28,500 - Knowledge - INFO - Fast-tracked /app/data/T0015/304360/b0931pa/internet-banking-concept-microservices-304360/internet-banking-api-gateway/build.gradle (ext=.gradle, size=1719)
2026-01-12 17:01:28,590 - Knowledge - INFO - process ingested knowledge for /app/data/T0015/304360/b0931pa/internet-banking-concept-microservices-304360/internet-banking-utility-payment-service/src/main/java/com/javatodev/finance/configuration/filter/ApiRequestContextHolder.java
2026-01-12 17:01:28,702 - Knowledge - INFO - process ingested knowledge for /app/data/T0015/304360/b0931pa/internet-banking-concept-microservices-304360/internet-banking-utility-payment-service/src/main/java/com/javatodev/finance/InternetBankingUtilityPaymentServiceApplication.java
2026-01-12 17:01:28,786 - Knowledge - INFO - Worker kw10 processing /app/data/T0015/304360/b0931pa/internet-banking-concept-microservices-304360/core-banking-service/src/test/java/com/javatodev/finance/CoreBankingServiceApplicationTests.java
2026-01-12 17:01:28,867 - Knowledge - INFO - process ingested knowledge for /app/data/T0015/304360/b0931pa/internet-banking-concept-microservices-304360/internet-banking-user-service/src/main/resources/bootstrap-dev.yml
2026-01-12 17:01:28,940 - Knowledge - INFO - Progress: 47.3% | Files: 99/188 | Rate: 2.01 files/sec | Queue: 53
2026-01-12 17:01:28,941 - Knowledge - INFO - [WEBSOCKET] Sent: Type=progress_update, Size: 288, Duration: 1734ms
2026-01-12 17:01:29,034 - Knowledge - INFO - Async storage completed for 5 embeddings
2026-01-12 17:01:29,122 - Knowledge - INFO - Async storage completed for 5 embeddings
2026-01-12 17:01:29,236 - Knowledge - INFO - Fast-tracked /app/data/T0015/304360/b0931pa/internet-banking-concept-microservices-304360/internet-banking-api-gateway/src/main/java/com/javatodev/finance/configuration/security/SecurityConfiguration.java (ext=.java, size=1683)
2026-01-12 17:01:29,315 - Knowledge - INFO - Fast-tracked /app/data/T0015/304360/b0931pa/internet-banking-concept-microservices-304360/internet-banking-api-gateway/src/main/resources/bootstrap-dev.yml (ext=.yml, size=64)
2026-01-12 17:01:29,444 - Knowledge - INFO - Fast-tracked /app/data/T0015/304360/b0931pa/internet-banking-concept-microservices-304360/internet-banking-api-gateway/settings.gradle (ext=.gradle, size=50)
2026-01-12 17:01:29,518 - Knowledge - INFO - process ingested knowledge for /app/data/T0015/304360/b0931pa/internet-banking-concept-microservices-304360/internet-banking-utility-payment-service/src/main/java/com/javatodev/finance/configuration/filter/AppAuthUserFilter.java
2026-01-12 17:01:29,608 - Knowledge - INFO - process ingested knowledge for /app/data/T0015/304360/b0931pa/internet-banking-concept-microservices-304360/internet-banking-user-service/src/main/java/com/javatodev/finance/service/KeycloakUserService.java
2026-01-12 17:01:29,691 - Knowledge - INFO - process ingested knowledge for /app/data/T0015/304360/b0931pa/internet-banking-concept-microservices-304360/internet-banking-utility-payment-service/src/main/java/com/javatodev/finance/model/rest/response/UtilityPaymentResponse.java
2026-01-12 17:01:29,800 - Knowledge - INFO - Worker kw7 processing /app/data/T0015/304360/b0931pa/internet-banking-concept-microservices-304360/core-banking-service/src/test/java/com/javatodev/finance/service/UserServiceTest.java
2026-01-12 17:01:29,891 - Knowledge - INFO - process ingested knowledge for /app/data/T0015/304360/b0931pa/internet-banking-concept-microservices-304360/internet-banking-utility-payment-service/src/main/java/com/javatodev/finance/configuration/CustomFeignClientConfiguration.java
2026-01-12 17:01:29,990 - Knowledge - INFO - process ingested knowledge for /app/data/T0015/304360/b0931pa/internet-banking-concept-microservices-304360/internet-banking-utility-payment-service/src/main/java/com/javatodev/finance/service/rest/BankingCoreRestClient.java
2026-01-12 17:01:30,085 - Knowledge - INFO - Fast-tracked /app/data/T0015/304360/b0931pa/internet-banking-concept-microservices-304360/core-banking-service/src/test/java/com/javatodev/finance/CoreBankingServiceApplicationTests.java (ext=.java, size=234)
2026-01-12 17:01:30,195 - Knowledge - INFO - process ingested knowledge for /app/data/T0015/304360/b0931pa/internet-banking-concept-microservices-304360/internet-banking-user-service/src/main/resources/bootstrap.yml
2026-01-12 17:01:30,268 - Knowledge - INFO - [kw8] Queue=53, InProgress=0, PendingWorkers=20/20, Completed=99/188 (52.7%)
2026-01-12 17:01:30,364 - Knowledge - INFO - [kw13] Queue=53, InProgress=0, PendingWorkers=20/20, Completed=99/188 (52.7%)
2026-01-12 17:01:30,364 - Knowledge - INFO - Async storing batch of 5 embeddings
2026-01-12 17:01:30,365 - Knowledge - INFO - [kw15] Queue=53, InProgress=0, PendingWorkers=20/20, Completed=99/188 (52.7%)
2026-01-12 17:01:30,365 - Knowledge - INFO - [kw14] Queue=53, InProgress=0, PendingWorkers=20/20, Completed=99/188 (52.7%)
2026-01-12 17:01:30,365 - Knowledge - INFO - Progress: 52.7% | Files: 99/188 | Rate: 1.88 files/sec | Queue: 53
2026-01-12 17:01:30,486 - Knowledge - INFO - Processing batch of 4 files
2026-01-12 17:01:30,606 - Knowledge - INFO - Processing batch of 4 files
2026-01-12 17:01:30,729 - Knowledge - INFO - Async storage completed for 5 embeddings
2026-01-12 17:01:30,834 - Knowledge - INFO - Async storage completed for 5 embeddings
2026-01-12 17:01:30,923 - Knowledge - INFO - Async storage completed for 5 embeddings
2026-01-12 17:01:31,185 - Knowledge - INFO - Async storage completed for 5 embeddings
2026-01-12 17:01:31,217 - Knowledge - INFO - process ingested knowledge for /app/data/T0015/304360/b0931pa/internet-banking-concept-microservices-304360/internet-banking-utility-payment-service/src/main/java/com/javatodev/finance/model/mapper/BaseMapper.java
2026-01-12 17:01:31,267 - Knowledge - INFO - Fast-tracked /app/data/T0015/304360/b0931pa/internet-banking-concept-microservices-304360/core-banking-service/src/test/java/com/javatodev/finance/service/UserServiceTest.java (ext=.java, size=2114)
2026-01-12 17:01:31,457 - Knowledge - INFO - process ingested knowledge for /app/data/T0015/304360/b0931pa/internet-banking-concept-microservices-304360/internet-banking-utility-payment-service/src/main/java/com/javatodev/finance/configuration/audit/AuditorAwareConfig.java
2026-01-12 17:01:31,575 - Knowledge - INFO - process ingested knowledge for /app/data/T0015/304360/b0931pa/internet-banking-concept-microservices-304360/internet-banking-utility-payment-service/src/main/java/com/javatodev/finance/service/UtilityPaymentService.java
2026-01-12 17:01:31,601 - Knowledge - INFO - Worker kw10 processing /app/data/T0015/304360/b0931pa/internet-banking-concept-microservices-304360/core-banking-service/src/test/resources/application.yml
2026-01-12 17:01:31,640 - Knowledge - INFO - [WEBSOCKET] Sent: Type=progress_update, Size: 272, Duration: 0ms
2026-01-12 17:01:31,726 - Knowledge - INFO - process ingested knowledge for /app/data/T0015/304360/b0931pa/internet-banking-concept-microservices-304360/internet-banking-user-service/src/main/resources/bootstrap-docker.yml
2026-01-12 17:01:31,822 - Knowledge - INFO - Batch sizing: calculated=4, max_allowed=10, queue=53, active_workers=20/20
2026-01-12 17:01:31,926 - Knowledge - INFO - Batch sizing: calculated=4, max_allowed=10, queue=53, active_workers=20/20
2026-01-12 17:01:32,010 - Knowledge - INFO - Worker kw9 processing /app/data/T0015/304360/b0931pa/internet-banking-concept-microservices-304360/core-banking-service/src/main/java/com/javatodev/finance/repository/BankAccountRepository.java
2026-01-12 17:01:32,095 - Knowledge - INFO - Batch sizing: calculated=4, max_allowed=10, queue=53, active_workers=20/20
2026-01-12 17:01:32,181 - Knowledge - INFO - Batch sizing: calculated=4, max_allowed=10, queue=53, active_workers=20/20
2026-01-12 17:01:32,271 - Knowledge - INFO - [kw12] Queue=53, InProgress=0, PendingWorkers=20/20, Completed=107/188 (56.9%)
2026-01-12 17:01:32,372 - Knowledge - INFO - process ingested knowledge for /app/data/T0015/304360/b0931pa/internet-banking-concept-microservices-304360/internet-banking-utility-payment-service/src/main/java/com/javatodev/finance/model/mapper/UtilityPaymentMapper.java
2026-01-12 17:01:32,463 - Knowledge - INFO - process ingested knowledge for /app/data/T0015/304360/b0931pa/internet-banking-concept-microservices-304360/internet-banking-utility-payment-service/src/main/java/com/javatodev/finance/exception/SimpleBankingGlobalException.java
2026-01-12 17:01:33,080 - Knowledge - INFO - Worker kw7 processing /app/data/T0015/304360/b0931pa/internet-banking-concept-microservices-304360/core-banking-service/src/test/java/com/javatodev/finance/service/AccountServiceTest.java
2026-01-12 17:01:33,163 - Knowledge - INFO - process ingested knowledge for /app/data/T0015/304360/b0931pa/internet-banking-concept-microservices-304360/internet-banking-utility-payment-service/src/main/java/com/javatodev/finance/configuration/audit/AuditConfig.java
2026-01-12 17:01:33,264 - Knowledge - INFO - process ingested knowledge for /app/data/T0015/304360/b0931pa/internet-banking-concept-microservices-304360/internet-banking-utility-payment-service/src/main/java/com/javatodev/finance/model/TransactionStatus.java
2026-01-12 17:01:33,376 - Knowledge - INFO - Fast-tracked /app/data/T0015/304360/b0931pa/internet-banking-concept-microservices-304360/core-banking-service/src/test/resources/application.yml (ext=.yml, size=473)
2026-01-12 17:01:33,461 - Knowledge - INFO - Processing batch of 4 files
2026-01-12 17:01:33,461 - Knowledge - INFO - Processing batch of 4 files
2026-01-12 17:01:33,462 - Knowledge - INFO - [kw20] Queue=53, InProgress=0, PendingWorkers=20/20, Completed=115/188 (61.2%)
2026-01-12 17:01:33,462 - Knowledge - INFO - [kw11] Queue=53, InProgress=0, PendingWorkers=20/20, Completed=115/188 (61.2%)
2026-01-12 17:01:33,462 - Knowledge - INFO - [WEBSOCKET] Sent: Type=unknown, Size: ?, Duration: 1823ms
2026-01-12 17:01:33,557 - Knowledge - INFO - process ingested knowledge for /app/data/T0015/304360/b0931pa/internet-banking-concept-microservices-304360/internet-banking-user-service/wait-for-it.sh
2026-01-12 17:01:33,788 - Knowledge - INFO - Fast-tracked /app/data/T0015/304360/b0931pa/internet-banking-concept-microservices-304360/core-banking-service/src/main/java/com/javatodev/finance/repository/BankAccountRepository.java (ext=.java, size=354)
2026-01-12 17:01:34,067 - Knowledge - INFO - Batch sizing: calculated=4, max_allowed=10, queue=53, active_workers=20/20
2026-01-12 17:01:34,150 - Knowledge - INFO - process ingested knowledge for /app/data/T0015/304360/b0931pa/internet-banking-concept-microservices-304360/internet-banking-utility-payment-service/src/main/java/com/javatodev/finance/model/entity/UtilityPaymentEntity.java
2026-01-12 17:01:34,231 - Knowledge - INFO - process ingested knowledge for /app/data/T0015/304360/b0931pa/internet-banking-concept-microservices-304360/internet-banking-utility-payment-service/src/main/java/com/javatodev/finance/exception/GlobalExceptionHandler.java
2026-01-12 17:01:34,308 - Knowledge - INFO - Fast-tracked /app/data/T0015/304360/b0931pa/internet-banking-concept-microservices-304360/core-banking-service/src/test/java/com/javatodev/finance/service/AccountServiceTest.java (ext=.java, size=2967)
2026-01-12 17:01:34,550 - Knowledge - INFO - Worker kw10 processing /app/data/T0015/304360/b0931pa/internet-banking-concept-microservices-304360/core-banking-service/src/main/java/com/javatodev/finance/repository/TransactionRepository.java
2026-01-12 17:01:34,630 - Knowledge - INFO - process ingested knowledge for /app/data/T0015/304360/b0931pa/internet-banking-concept-microservices-304360/internet-banking-utility-payment-service/settings.gradle
2026-01-12 17:01:34,709 - Knowledge - INFO - process ingested knowledge for /app/data/T0015/304360/b0931pa/internet-banking-concept-microservices-304360/internet-banking-api-gateway/src/main/java/com/javatodev/finance/configuration/GatewayConfiguration.java
2026-01-12 17:01:34,847 - Knowledge - INFO - Batch sizing: calculated=4, max_allowed=10, queue=53, active_workers=20/20
2026-01-12 17:01:34,929 - Knowledge - INFO - Batch sizing: calculated=4, max_allowed=10, queue=53, active_workers=20/20
2026-01-12 17:01:35,017 - Knowledge - INFO - Progress: 56.9% | Files: 115/188 | Rate: 2.02 files/sec | Queue: 37
2026-01-12 17:01:35,018 - Knowledge - INFO - Async storing batch of 5 embeddings
2026-01-12 17:01:35,019 - Knowledge - INFO - Async storing batch of 5 embeddings
2026-01-12 17:01:35,019 - Knowledge - INFO - Async storing batch of 5 embeddings
2026-01-12 17:01:35,019 - Knowledge - INFO - Async storing batch of 5 embeddings
2026-01-12 17:01:35,158 - Knowledge - INFO - process ingested knowledge for /app/data/T0015/304360/b0931pa/internet-banking-concept-microservices-304360/internet-banking-user-service/settings.gradle
2026-01-12 17:01:35,158 - Knowledge - INFO - [WEBSOCKET] Sent: Type=progress_update, Size: 273, Duration: 0ms
2026-01-12 17:01:35,186 - Knowledge - INFO - Worker kw9 processing /app/data/T0015/304360/b0931pa/internet-banking-concept-microservices-304360/core-banking-service/src/main/java/com/javatodev/finance/repository/UserRepository.java
2026-01-12 17:01:35,371 - Knowledge - INFO - process ingested knowledge for /app/data/T0015/304360/b0931pa/internet-banking-concept-microservices-304360/internet-banking-utility-payment-service/src/main/java/com/javatodev/finance/model/dto/UtilityPayment.java
2026-01-12 17:01:35,448 - Knowledge - INFO - process ingested knowledge for /app/data/T0015/304360/b0931pa/internet-banking-concept-microservices-304360/internet-banking-utility-payment-service/src/main/java/com/javatodev/finance/exception/ErrorResponse.java
2026-01-12 17:01:35,582 - Knowledge - INFO - Worker kw7 processing /app/data/T0015/304360/b0931pa/internet-banking-concept-microservices-304360/core-banking-service/src/test/java/com/javatodev/finance/service/TransactionServiceTest.java
2026-01-12 17:01:35,703 - Knowledge - INFO - Fast-tracked /app/data/T0015/304360/b0931pa/internet-banking-concept-microservices-304360/core-banking-service/src/main/java/com/javatodev/finance/repository/TransactionRepository.java (ext=.java, size=258)
2026-01-12 17:01:35,794 - Knowledge - INFO - process ingested knowledge for /app/data/T0015/304360/b0931pa/internet-banking-concept-microservices-304360/internet-banking-utility-payment-service/build.gradle
2026-01-12 17:01:35,897 - Knowledge - INFO - process ingested knowledge for /app/data/T0015/304360/b0931pa/internet-banking-concept-microservices-304360/internet-banking-api-gateway/src/main/java/com/javatodev/finance/InternetBankingApiGatewayApplication.java
2026-01-12 17:01:36,255 - Knowledge - INFO - [kw17] Queue=25, InProgress=0, PendingWorkers=20/20, Completed=115/188 (61.2%)
2026-01-12 17:01:36,372 - Knowledge - INFO - Worker kw8 processing /app/data/T0015/304360/b0931pa/internet-banking-concept-microservices-304360/core-banking-service/src/main/java/com/javatodev/finance/controller/AccountController.java
2026-01-12 17:01:36,466 - Knowledge - INFO - Worker kw13 processing /app/data/T0015/304360/b0931pa/internet-banking-concept-microservices-304360/core-banking-service/src/main/java/com/javatodev/finance/service/TransactionService.java
2026-01-12 17:01:36,549 - Knowledge - INFO - Worker kw15 processing /app/data/T0015/304360/b0931pa/internet-banking-concept-microservices-304360/core-banking-service/src/main/java/com/javatodev/finance/model/mapper/UserMapper.java
2026-01-12 17:01:36,672 - Knowledge - INFO - Worker kw14 processing /app/data/T0015/304360/b0931pa/internet-banking-concept-microservices-304360/core-banking-service/src/main/java/com/javatodev/finance/model/entity/BankAccountEntity.java
2026-01-12 17:01:36,835 - Knowledge - INFO - Async storing batch of 5 embeddings
2026-01-12 17:01:36,835 - Knowledge - INFO - [LLM_CALL] Completed: wait-for-it.sh:chunk1, Duration: 3373ms, PromptTokens: 3804, CompletionTokens: 329, Cost: $0.00051
2026-01-12 17:01:36,944 - Knowledge - INFO - Fast-tracked /app/data/T0015/304360/b0931pa/internet-banking-concept-microservices-304360/core-banking-service/src/main/java/com/javatodev/finance/repository/UserRepository.java (ext=.java, size=347)
2026-01-12 17:01:37,028 - Knowledge - INFO - process ingested knowledge for /app/data/T0015/304360/b0931pa/internet-banking-concept-microservices-304360/internet-banking-utility-payment-service/src/main/java/com/javatodev/finance/model/dto/AuditAware.java
2026-01-12 17:01:37,124 - Knowledge - INFO - process ingested knowledge for /app/data/T0015/304360/b0931pa/internet-banking-concept-microservices-304360/internet-banking-utility-payment-service/src/main/resources/application.yml
2026-01-12 17:01:37,213 - Knowledge - INFO - Fast-tracked /app/data/T0015/304360/b0931pa/internet-banking-concept-microservices-304360/core-banking-service/src/test/java/com/javatodev/finance/service/TransactionServiceTest.java (ext=.java, size=8551)
2026-01-12 17:01:37,298 - Knowledge - INFO - Worker kw10 processing /app/data/T0015/304360/b0931pa/internet-banking-concept-microservices-304360/core-banking-service/src/main/java/com/javatodev/finance/repository/UtilityAccountRepository.java
2026-01-12 17:01:37,383 - Knowledge - INFO - process ingested knowledge for /app/data/T0015/304360/b0931pa/internet-banking-concept-microservices-304360/internet-banking-api-gateway/src/test/java/com/javatodev/finance/InternetBankingApiGatewayApplicationTests.java
2026-01-12 17:01:37,485 - Knowledge - INFO - process ingested knowledge for /app/data/T0015/304360/b0931pa/internet-banking-concept-microservices-304360/internet-banking-api-gateway/src/main/resources/application.yml
2026-01-12 17:01:37,601 - Knowledge - INFO - Batch sizing: calculated=4, max_allowed=10, queue=25, active_workers=20/20
2026-01-12 17:01:37,701 - Knowledge - INFO - Fast-tracked /app/data/T0015/304360/b0931pa/internet-banking-concept-microservices-304360/core-banking-service/src/main/java/com/javatodev/finance/controller/AccountController.java (ext=.java, size=1674)
2026-01-12 17:01:37,843 - Knowledge - INFO - Worker kw13 processing /app/data/T0015/304360/b0931pa/internet-banking-concept-microservices-304360/core-banking-service/src/main/java/com/javatodev/finance/model/TransactionType.java
2026-01-12 17:01:37,905 - Knowledge - INFO - Fast-tracked /app/data/T0015/304360/b0931pa/internet-banking-concept-microservices-304360/core-banking-service/src/main/java/com/javatodev/finance/model/mapper/UserMapper.java (ext=.java, size=1012)
2026-01-12 17:01:38,036 - Knowledge - INFO - Fast-tracked /app/data/T0015/304360/b0931pa/internet-banking-concept-microservices-304360/core-banking-service/src/main/java/com/javatodev/finance/model/entity/BankAccountEntity.java (ext=.java, size=753)
2026-01-12 17:01:38,126 - Knowledge - INFO - Worker kw12 processing /app/data/T0015/304360/b0931pa/internet-banking-concept-microservices-304360/core-banking-service/src/main/java/com/javatodev/finance/model/dto/UtilityAccount.java
2026-01-12 17:01:38,222 - Knowledge - INFO - done ingest for /app/data/T0015/304360/b0931pa/internet-banking-concept-microservices-304360/internet-banking-utility-payment-service/wait-for-it.sh
2026-01-12 17:01:38,222 - Knowledge - INFO - Async storing batch of 4 embeddings
2026-01-12 17:01:38,222 - Knowledge - INFO - Async storing batch of 5 embeddings
2026-01-12 17:01:38,222 - Knowledge - INFO - [kw19] Queue=25, InProgress=0, PendingWorkers=20/20, Completed=115/188 (61.2%)
2026-01-12 17:01:38,222 - Knowledge - INFO - [WEBSOCKET] Sent: Type=unknown, Size: ?, Duration: 3064ms
2026-01-12 17:01:38,326 - Knowledge - INFO - Worker kw9 processing /app/data/T0015/304360/b0931pa/internet-banking-concept-microservices-304360/core-banking-service/src/main/java/com/javatodev/finance/CoreBankingServiceApplication.java
2026-01-12 17:01:38,640 - Knowledge - INFO - Async storage completed for 5 embeddings
2026-01-12 17:01:38,725 - Knowledge - INFO - Fast-tracked /app/data/T0015/304360/b0931pa/internet-banking-concept-microservices-304360/core-banking-service/src/main/java/com/javatodev/finance/repository/UtilityAccountRepository.java (ext=.java, size=367)
2026-01-12 17:01:38,864 - Knowledge - INFO - process ingested knowledge for /app/data/T0015/304360/b0931pa/internet-banking-concept-microservices-304360/internet-banking-api-gateway/src/main/java/com/javatodev/finance/configuration/security/SecurityConfiguration.java
2026-01-12 17:01:38,978 - Knowledge - INFO - process ingested knowledge for /app/data/T0015/304360/b0931pa/internet-banking-concept-microservices-304360/internet-banking-api-gateway/src/main/resources/bootstrap-dev.yml
2026-01-12 17:01:39,136 - Knowledge - INFO - Worker kw8 processing /app/data/T0015/304360/b0931pa/internet-banking-concept-microservices-304360/core-banking-service/src/main/java/com/javatodev/finance/controller/UserController.java
2026-01-12 17:01:39,256 - Knowledge - INFO - Fast-tracked /app/data/T0015/304360/b0931pa/internet-banking-concept-microservices-304360/core-banking-service/src/main/java/com/javatodev/finance/model/TransactionType.java (ext=.java, size=107)
2026-01-12 17:01:39,340 - Knowledge - INFO - Worker kw15 processing /app/data/T0015/304360/b0931pa/internet-banking-concept-microservices-304360/core-banking-service/src/main/java/com/javatodev/finance/model/mapper/UtilityAccountMapper.java
2026-01-12 17:01:39,424 - Knowledge - INFO - Worker kw14 processing /app/data/T0015/304360/b0931pa/internet-banking-concept-microservices-304360/core-banking-service/src/main/java/com/javatodev/finance/model/entity/UtilityAccountEntity.java
2026-01-12 17:01:39,518 - Knowledge - INFO - Fast-tracked /app/data/T0015/304360/b0931pa/internet-banking-concept-microservices-304360/core-banking-service/src/main/java/com/javatodev/finance/model/dto/UtilityAccount.java (ext=.java, size=182)
2026-01-12 17:01:39,707 - Knowledge - INFO - Worker kw20 processing /app/data/T0015/304360/b0931pa/internet-banking-concept-microservices-304360/core-banking-service/src/main/java/com/javatodev/finance/model/dto/User.java
2026-01-12 17:01:39,802 - Knowledge - INFO - Worker kw11 processing /app/data/T0015/304360/b0931pa/internet-banking-concept-microservices-304360/core-banking-service/src/main/java/com/javatodev/finance/exception/SimpleBankingGlobalException.java
2026-01-12 17:01:39,906 - Knowledge - INFO - Batch sizing: calculated=4, max_allowed=10, queue=25, active_workers=20/20
2026-01-12 17:01:40,001 - Knowledge - INFO - Progress: 61.2% | Files: 119/188 | Rate: 1.97 files/sec | Queue: 21
2026-01-12 17:01:40,002 - Knowledge - INFO - done ingest for /app/data/T0015/304360/b0931pa/internet-banking-concept-microservices-304360/internet-banking-api-gateway/wait-for-it.sh
2026-01-12 17:01:40,002 - Knowledge - INFO - Async storing batch of 5 embeddings
2026-01-12 17:01:40,002 - Knowledge - INFO - Processing batch of 4 files
2026-01-12 17:01:40,002 - Knowledge - INFO - [kw4] Queue=21, InProgress=0, PendingWorkers=20/20, Completed=119/188 (63.3%)
2026-01-12 17:01:40,002 - Knowledge - INFO - [WEBSOCKET] Sent: Type=progress_update, Size: 273, Duration: 0ms
2026-01-12 17:01:40,117 - Knowledge - INFO - Fast-tracked /app/data/T0015/304360/b0931pa/internet-banking-concept-microservices-304360/core-banking-service/src/main/java/com/javatodev/finance/CoreBankingServiceApplication.java (ext=.java, size=350)
2026-01-12 17:01:40,320 - Knowledge - INFO - Async storage completed for 5 embeddings
2026-01-12 17:01:40,615 - Knowledge - INFO - Fast-tracked /app/data/T0015/304360/b0931pa/internet-banking-concept-microservices-304360/core-banking-service/src/main/java/com/javatodev/finance/controller/UserController.java (ext=.java, size=1522)
2026-01-12 17:01:40,707 - Knowledge - INFO - Worker kw13 processing /app/data/T0015/304360/b0931pa/internet-banking-concept-microservices-304360/core-banking-service/src/main/java/com/javatodev/finance/model/AccountStatus.java
2026-01-12 17:01:40,795 - Knowledge - INFO - Fast-tracked /app/data/T0015/304360/b0931pa/internet-banking-concept-microservices-304360/core-banking-service/src/main/java/com/javatodev/finance/model/mapper/UtilityAccountMapper.java (ext=.java, size=857)
2026-01-12 17:01:40,911 - Knowledge - INFO - Fast-tracked /app/data/T0015/304360/b0931pa/internet-banking-concept-microservices-304360/core-banking-service/src/main/java/com/javatodev/finance/model/entity/UtilityAccountEntity.java (ext=.java, size=534)
2026-01-12 17:01:40,991 - Knowledge - INFO - Worker kw12 processing /app/data/T0015/304360/b0931pa/internet-banking-concept-microservices-304360/core-banking-service/src/main/java/com/javatodev/finance/model/dto/BankAccount.java
2026-01-12 17:01:41,090 - Knowledge - INFO - Fast-tracked /app/data/T0015/304360/b0931pa/internet-banking-concept-microservices-304360/core-banking-service/src/main/java/com/javatodev/finance/model/dto/User.java (ext=.java, size=308)
2026-01-12 17:01:41,192 - Knowledge - INFO - Fast-tracked /app/data/T0015/304360/b0931pa/internet-banking-concept-microservices-304360/core-banking-service/src/main/java/com/javatodev/finance/exception/SimpleBankingGlobalException.java (ext=.java, size=423)
2026-01-12 17:01:41,365 - Knowledge - INFO - [kw18] Queue=17, InProgress=0, PendingWorkers=20/20, Completed=123/188 (65.4%)
2026-01-12 17:01:41,547 - Knowledge - INFO - Worker kw17 processing /app/data/T0015/304360/b0931pa/internet-banking-concept-microservices-304360/core-banking-service/src/main/java/com/javatodev/finance/exception/ErrorResponse.java
2026-01-12 17:01:41,646 - Knowledge - INFO - process ingested knowledge for /app/data/T0015/304360/b0931pa/internet-banking-concept-microservices-304360/internet-banking-utility-payment-service/src/main/resources/bootstrap-dev.yml
2026-01-12 17:01:41,731 - Knowledge - INFO - Batch sizing: calculated=4, max_allowed=10, queue=21, active_workers=20/20
2026-01-12 17:01:41,817 - Knowledge - INFO - [kw2] Queue=17, InProgress=0, PendingWorkers=20/20, Completed=127/188 (67.6%)
2026-01-12 17:01:41,818 - Knowledge - INFO - Processing batch of 4 files
2026-01-12 17:01:41,818 - Knowledge - INFO - Async storing batch of 5 embeddings
2026-01-12 17:01:41,818 - Knowledge - INFO - Processing batch of 4 files
2026-01-12 17:01:41,818 - Knowledge - INFO - [WEBSOCKET] Sent: Type=unknown, Size: ?, Duration: 1816ms
2026-01-12 17:01:41,937 - Knowledge - INFO - Worker kw9 processing /app/data/T0015/304360/b0931pa/internet-banking-concept-microservices-304360/core-banking-service/src/main/java/com/javatodev/finance/controller/TransactionController.java
2026-01-12 17:01:42,162 - Knowledge - INFO - Worker kw8 processing /app/data/T0015/304360/b0931pa/internet-banking-concept-microservices-304360/core-banking-service/src/main/java/com/javatodev/finance/service/UserService.java
2026-01-12 17:01:42,252 - Knowledge - INFO - Fast-tracked /app/data/T0015/304360/b0931pa/internet-banking-concept-microservices-304360/core-banking-service/src/main/java/com/javatodev/finance/model/AccountStatus.java (ext=.java, size=106)
2026-01-12 17:01:42,343 - Knowledge - INFO - Worker kw15 processing /app/data/T0015/304360/b0931pa/internet-banking-concept-microservices-304360/core-banking-service/src/main/java/com/javatodev/finance/model/mapper/BankAccountMapper.java
2026-01-12 17:01:42,423 - Knowledge - INFO - Worker kw14 processing /app/data/T0015/304360/b0931pa/internet-banking-concept-microservices-304360/core-banking-service/src/main/java/com/javatodev/finance/model/entity/TransactionEntity.java
2026-01-12 17:01:42,528 - Knowledge - INFO - Fast-tracked /app/data/T0015/304360/b0931pa/internet-banking-concept-microservices-304360/core-banking-service/src/main/java/com/javatodev/finance/model/dto/BankAccount.java (ext=.java, size=443)
2026-01-12 17:01:42,647 - Knowledge - INFO - Worker kw20 processing /app/data/T0015/304360/b0931pa/internet-banking-concept-microservices-304360/core-banking-service/src/main/java/com/javatodev/finance/model/dto/response/FundTransferResponse.java
2026-01-12 17:01:42,727 - Knowledge - INFO - Worker kw11 processing /app/data/T0015/304360/b0931pa/internet-banking-concept-microservices-304360/core-banking-service/src/main/java/com/javatodev/finance/exception/GlobalErrorCode.java
2026-01-12 17:01:42,806 - Knowledge - INFO - Batch sizing: calculated=4, max_allowed=10, queue=17, active_workers=20/20
2026-01-12 17:01:42,890 - Knowledge - INFO - Fast-tracked /app/data/T0015/304360/b0931pa/internet-banking-concept-microservices-304360/core-banking-service/src/main/java/com/javatodev/finance/exception/ErrorResponse.java (ext=.java, size=219)
2026-01-12 17:01:42,989 - Knowledge - INFO - process ingested knowledge for /app/data/T0015/304360/b0931pa/internet-banking-concept-microservices-304360/internet-banking-utility-payment-service/src/main/resources/bootstrap.yml
2026-01-12 17:01:43,186 - Knowledge - INFO - Batch sizing: calculated=4, max_allowed=10, queue=17, active_workers=20/20
2026-01-12 17:01:43,300 - Knowledge - INFO - process ingested knowledge for /app/data/T0015/304360/b0931pa/internet-banking-concept-microservices-304360/internet-banking-api-gateway/build.gradle
2026-01-12 17:01:43,415 - Knowledge - INFO - Worker kw19 processing /app/data/T0015/304360/b0931pa/internet-banking-concept-microservices-304360/core-banking-service/src/main/resources/db/migration/V1.0.20210429210839__create_transaction_table.sql
2026-01-12 17:01:43,534 - Knowledge - INFO - process ingested knowledge for /app/data/T0015/304360/b0931pa/internet-banking-concept-microservices-304360/internet-banking-api-gateway/src/main/resources/bootstrap.yml
2026-01-12 17:01:43,628 - Knowledge - INFO - Progress: 63.3% | Files: 131/188 | Rate: 2.00 files/sec | Queue: 13
2026-01-12 17:01:43,629 - Knowledge - INFO - [kw6] Queue=13, InProgress=0, PendingWorkers=20/20, Completed=131/188 (69.7%)
2026-01-12 17:01:43,630 - Knowledge - INFO - Async storing batch of 4 embeddings
2026-01-12 17:01:43,630 - Knowledge - INFO - Processing batch of 4 files
2026-01-12 17:01:43,630 - Knowledge - INFO - [WEBSOCKET] Sent: Type=progress_update, Size: 273, Duration: 0ms
2026-01-12 17:01:43,718 - Knowledge - INFO - Fast-tracked /app/data/T0015/304360/b0931pa/internet-banking-concept-microservices-304360/core-banking-service/src/main/java/com/javatodev/finance/controller/TransactionController.java (ext=.java, size=1825)
2026-01-12 17:01:43,809 - Knowledge - INFO - Fast-tracked /app/data/T0015/304360/b0931pa/internet-banking-concept-microservices-304360/core-banking-service/src/main/java/com/javatodev/finance/service/UserService.java (ext=.java, size=1036)
2026-01-12 17:01:43,922 - Knowledge - INFO - Worker kw13 processing /app/data/T0015/304360/b0931pa/internet-banking-concept-microservices-304360/core-banking-service/src/main/java/com/javatodev/finance/model/mapper/BaseMapper.java
2026-01-12 17:01:44,030 - Knowledge - INFO - Fast-tracked /app/data/T0015/304360/b0931pa/internet-banking-concept-microservices-304360/core-banking-service/src/main/java/com/javatodev/finance/model/mapper/BankAccountMapper.java (ext=.java, size=835)
2026-01-12 17:01:44,112 - Knowledge - INFO - Fast-tracked /app/data/T0015/304360/b0931pa/internet-banking-concept-microservices-304360/core-banking-service/src/main/java/com/javatodev/finance/model/entity/TransactionEntity.java (ext=.java, size=753)
2026-01-12 17:01:44,222 - Knowledge - INFO - Worker kw12 processing /app/data/T0015/304360/b0931pa/internet-banking-concept-microservices-304360/core-banking-service/src/main/java/com/javatodev/finance/model/dto/request/UtilityPaymentRequest.java
2026-01-12 17:01:44,308 - Knowledge - INFO - Fast-tracked /app/data/T0015/304360/b0931pa/internet-banking-concept-microservices-304360/core-banking-service/src/main/java/com/javatodev/finance/model/dto/response/FundTransferResponse.java (ext=.java, size=246)
2026-01-12 17:01:44,396 - Knowledge - INFO - Fast-tracked /app/data/T0015/304360/b0931pa/internet-banking-concept-microservices-304360/core-banking-service/src/main/java/com/javatodev/finance/exception/GlobalErrorCode.java (ext=.java, size=241)
2026-01-12 17:01:44,618 - Knowledge - INFO - Worker kw17 processing /app/data/T0015/304360/b0931pa/internet-banking-concept-microservices-304360/core-banking-service/src/main/java/com/javatodev/finance/exception/EntityNotFoundException.java
2026-01-12 17:01:44,699 - Knowledge - INFO - process ingested knowledge for /app/data/T0015/304360/b0931pa/internet-banking-concept-microservices-304360/internet-banking-utility-payment-service/src/main/resources/bootstrap-docker.yml
2026-01-12 17:01:44,911 - Knowledge - INFO - process ingested knowledge for /app/data/T0015/304360/b0931pa/internet-banking-concept-microservices-304360/core-banking-service/src/test/java/com/javatodev/finance/service/UserServiceTest.java
2026-01-12 17:01:45,028 - Knowledge - INFO - Fast-tracked /app/data/T0015/304360/b0931pa/internet-banking-concept-microservices-304360/core-banking-service/src/main/resources/db/migration/V1.0.20210429210839__create_transaction_table.sql (ext=.sql, size=594)
2026-01-12 17:01:45,125 - Knowledge - INFO - process ingested knowledge for /app/data/T0015/304360/b0931pa/internet-banking-concept-microservices-304360/internet-banking-api-gateway/src/main/resources/bootstrap-docker.yml
2026-01-12 17:01:45,225 - Knowledge - INFO - [kw16] Queue=5, InProgress=0, PendingWorkers=20/20, Completed=131/188 (69.7%)
2026-01-12 17:01:45,315 - Knowledge - INFO - Batch sizing: calculated=4, max_allowed=10, queue=13, active_workers=20/20
2026-01-12 17:01:45,426 - Knowledge - INFO - Worker kw4 processing /app/data/T0015/304360/b0931pa/internet-banking-concept-microservices-304360/core-banking-service/src/main/resources/bootstrap-docker.yml
2026-01-12 17:01:45,538 - Knowledge - INFO - process ingested knowledge for /app/data/T0015/304360/b0931pa/internet-banking-concept-microservices-304360/core-banking-service/src/test/java/com/javatodev/finance/CoreBankingServiceApplicationTests.java
2026-01-12 17:01:45,629 - Knowledge - INFO - Async storing batch of 5 embeddings
2026-01-12 17:01:45,629 - Knowledge - INFO - Async storing batch of 4 embeddings
2026-01-12 17:01:45,629 - Knowledge - INFO - [WEBSOCKET] Sent: Type=unknown, Size: ?, Duration: 2000ms
2026-01-12 17:01:45,722 - Knowledge - INFO - Async storage completed for 5 embeddings
2026-01-12 17:01:45,812 - Knowledge - INFO - Worker kw8 processing /app/data/T0015/304360/b0931pa/internet-banking-concept-microservices-304360/core-banking-service/src/main/java/com/javatodev/finance/service/AccountService.java
2026-01-12 17:01:45,891 - Knowledge - INFO - Fast-tracked /app/data/T0015/304360/b0931pa/internet-banking-concept-microservices-304360/core-banking-service/src/main/java/com/javatodev/finance/model/mapper/BaseMapper.java (ext=.java, size=1330)
2026-01-12 17:01:45,992 - Knowledge - INFO - Worker kw15 processing /app/data/T0015/304360/b0931pa/internet-banking-concept-microservices-304360/core-banking-service/src/main/java/com/javatodev/finance/model/entity/UserEntity.java
2026-01-12 17:01:46,099 - Knowledge - INFO - Worker kw14 processing /app/data/T0015/304360/b0931pa/internet-banking-concept-microservices-304360/core-banking-service/src/main/java/com/javatodev/finance/model/dto/Transaction.java
2026-01-12 17:01:46,177 - Knowledge - INFO - Fast-tracked /app/data/T0015/304360/b0931pa/internet-banking-concept-microservices-304360/core-banking-service/src/main/java/com/javatodev/finance/model/dto/request/UtilityPaymentRequest.java (ext=.java, size=272)
2026-01-12 17:01:46,272 - Knowledge - INFO - Worker kw20 processing /app/data/T0015/304360/b0931pa/internet-banking-concept-microservices-304360/core-banking-service/src/main/java/com/javatodev/finance/model/dto/response/UtilityPaymentResponse.java
2026-01-12 17:01:46,346 - Knowledge - INFO - Worker kw11 processing /app/data/T0015/304360/b0931pa/internet-banking-concept-microservices-304360/core-banking-service/src/main/java/com/javatodev/finance/exception/InsufficientFundsException.java
2026-01-12 17:01:46,429 - Knowledge - INFO - Fast-tracked /app/data/T0015/304360/b0931pa/internet-banking-concept-microservices-304360/core-banking-service/src/main/java/com/javatodev/finance/exception/EntityNotFoundException.java (ext=.java, size=387)
2026-01-12 17:01:46,523 - Knowledge - INFO - process ingested knowledge for /app/data/T0015/304360/b0931pa/internet-banking-concept-microservices-304360/internet-banking-utility-payment-service/wait-for-it.sh
2026-01-12 17:01:46,643 - Knowledge - INFO - process ingested knowledge for /app/data/T0015/304360/b0931pa/internet-banking-concept-microservices-304360/core-banking-service/src/test/java/com/javatodev/finance/service/AccountServiceTest.java
2026-01-12 17:01:46,725 - Knowledge - INFO - Worker kw19 processing /app/data/T0015/304360/b0931pa/internet-banking-concept-microservices-304360/core-banking-service/src/main/resources/db/migration/V1.0.20210427174721__temp_data.sql
2026-01-12 17:01:46,854 - Knowledge - INFO - process ingested knowledge for /app/data/T0015/304360/b0931pa/internet-banking-concept-microservices-304360/internet-banking-api-gateway/wait-for-it.sh
2026-01-12 17:01:46,933 - Knowledge - INFO - Batch sizing: calculated=4, max_allowed=10, queue=5, active_workers=20/20
2026-01-12 17:01:47,149 - Knowledge - INFO - Fast-tracked /app/data/T0015/304360/b0931pa/internet-banking-concept-microservices-304360/core-banking-service/src/main/resources/bootstrap-docker.yml (ext=.yml, size=83)
2026-01-12 17:01:47,248 - Knowledge - INFO - process ingested knowledge for /app/data/T0015/304360/b0931pa/internet-banking-concept-microservices-304360/core-banking-service/src/test/resources/application.yml
2026-01-12 17:01:47,361 - Knowledge - INFO - Worker kw18 processing /app/data/T0015/304360/b0931pa/internet-banking-concept-microservices-304360/postman_collection/JAVA_TO_DEV_MICROSERVICES.postman_collection.json
2026-01-12 17:01:47,449 - Knowledge - INFO - Worker kw2 processing /app/data/T0015/304360/b0931pa/internet-banking-concept-microservices-304360/docker-compose/mysql/privileges.sql
2026-01-12 17:01:47,531 - Knowledge - INFO - Progress: 69.7% | Files: 131/188 | Rate: 1.90 files/sec | Queue: 1
2026-01-12 17:01:47,533 - Knowledge - INFO - Async storing batch of 4 embeddings
2026-01-12 17:01:47,625 - Knowledge - INFO - Processing batch of 4 files
2026-01-12 17:01:47,728 - Knowledge - INFO - Fast-tracked /app/data/T0015/304360/b0931pa/internet-banking-concept-microservices-304360/core-banking-service/src/main/java/com/javatodev/finance/service/AccountService.java (ext=.java, size=1778)
2026-01-12 17:01:47,804 - Knowledge - INFO - Async storage completed for 5 embeddings
2026-01-12 17:01:47,900 - Knowledge - INFO - Fast-tracked /app/data/T0015/304360/b0931pa/internet-banking-concept-microservices-304360/core-banking-service/src/main/java/com/javatodev/finance/model/entity/UserEntity.java (ext=.java, size=577)
2026-01-12 17:01:47,981 - Knowledge - INFO - Fast-tracked /app/data/T0015/304360/b0931pa/internet-banking-concept-microservices-304360/core-banking-service/src/main/java/com/javatodev/finance/model/dto/Transaction.java (ext=.java, size=255)
2026-01-12 17:01:48,060 - Knowledge - INFO - Worker kw12 processing /app/data/T0015/304360/b0931pa/internet-banking-concept-microservices-304360/core-banking-service/src/main/java/com/javatodev/finance/model/dto/request/FundTransferRequest.java
2026-01-12 17:01:48,167 - Knowledge - INFO - Fast-tracked /app/data/T0015/304360/b0931pa/internet-banking-concept-microservices-304360/core-banking-service/src/main/java/com/javatodev/finance/model/dto/response/UtilityPaymentResponse.java (ext=.java, size=246)
2026-01-12 17:01:48,254 - Knowledge - INFO - Fast-tracked /app/data/T0015/304360/b0931pa/internet-banking-concept-microservices-304360/core-banking-service/src/main/java/com/javatodev/finance/exception/InsufficientFundsException.java (ext=.java, size=228)
2026-01-12 17:01:48,344 - Knowledge - INFO - Worker kw17 processing /app/data/T0015/304360/b0931pa/internet-banking-concept-microservices-304360/core-banking-service/src/main/resources/application.yml
2026-01-12 17:01:48,523 - Knowledge - INFO - process ingested knowledge for /app/data/T0015/304360/b0931pa/internet-banking-concept-microservices-304360/core-banking-service/src/test/java/com/javatodev/finance/service/TransactionServiceTest.java
2026-01-12 17:01:48,599 - Knowledge - INFO - Worker kw19 processing /app/data/T0015/304360/b0931pa/internet-banking-concept-microservices-304360/core-banking-service/src/main/resources/db/migration/V1.0.20210427174638__create_base_table_structure.sql
2026-01-12 17:01:48,721 - Knowledge - INFO - process ingested knowledge for /app/data/T0015/304360/b0931pa/internet-banking-concept-microservices-304360/internet-banking-api-gateway/settings.gradle
2026-01-12 17:01:48,803 - Knowledge - INFO - Async storing batch of 5 embeddings
2026-01-12 17:01:48,815 - Knowledge - INFO - [WEBSOCKET] Sent: Type=progress_update, Size: 273, Duration: 0ms
2026-01-12 17:01:48,872 - Knowledge - INFO - Worker kw4 processing /app/data/T0015/304360/b0931pa/internet-banking-concept-microservices-304360/core-banking-service/wait-for-it.sh
2026-01-12 17:01:48,957 - Knowledge - INFO - process ingested knowledge for /app/data/T0015/304360/b0931pa/internet-banking-concept-microservices-304360/core-banking-service/src/main/java/com/javatodev/finance/repository/TransactionRepository.java
2026-01-12 17:01:49,054 - Knowledge - INFO - Fast-tracked /app/data/T0015/304360/b0931pa/internet-banking-concept-microservices-304360/postman_collection/JAVA_TO_DEV_MICROSERVICES.postman_collection.json (ext=.json, size=10993)
2026-01-12 17:01:49,157 - Knowledge - INFO - Fast-tracked /app/data/T0015/304360/b0931pa/internet-banking-concept-microservices-304360/docker-compose/mysql/privileges.sql (ext=.sql, size=440)
2026-01-12 17:01:49,395 - Knowledge - INFO - Worker kw6 processing /app/data/T0015/304360/b0931pa/internet-banking-concept-microservices-304360/internet-banking-config-server/src/main/java/com/javatodev/finance/InternetBankingConfigServerApplication.java
2026-01-12 17:01:49,537 - Knowledge - INFO - process ingested knowledge for /app/data/T0015/304360/b0931pa/internet-banking-concept-microservices-304360/core-banking-service/src/main/java/com/javatodev/finance/repository/BankAccountRepository.java
2026-01-12 17:01:49,668 - Knowledge - INFO - Async storage completed for 5 embeddings
2026-01-12 17:01:49,946 - Knowledge - INFO - Async storage completed for 5 embeddings
2026-01-12 17:01:50,081 - Knowledge - INFO - Async storage completed for 5 embeddings
2026-01-12 17:01:50,181 - Knowledge - INFO - Fast-tracked /app/data/T0015/304360/b0931pa/internet-banking-concept-microservices-304360/core-banking-service/src/main/java/com/javatodev/finance/model/dto/request/FundTransferRequest.java (ext=.java, size=237)
2026-01-12 17:01:50,323 - Knowledge - INFO - Worker kw20 processing /app/data/T0015/304360/b0931pa/internet-banking-concept-microservices-304360/core-banking-service/src/main/java/com/javatodev/finance/model/AccountType.java
2026-01-12 17:01:50,425 - Knowledge - INFO - Worker kw11 processing /app/data/T0015/304360/b0931pa/internet-banking-concept-microservices-304360/core-banking-service/src/main/java/com/javatodev/finance/exception/GlobalExceptionHandler.java
2026-01-12 17:01:50,574 - Knowledge - INFO - Fast-tracked /app/data/T0015/304360/b0931pa/internet-banking-concept-microservices-304360/core-banking-service/src/main/resources/application.yml (ext=.yml, size=54)
2026-01-12 17:01:50,775 - Knowledge - INFO - Fast-tracked /app/data/T0015/304360/b0931pa/internet-banking-concept-microservices-304360/core-banking-service/src/main/resources/db/migration/V1.0.20210427174638__create_base_table_structure.sql (ext=.sql, size=1336)
2026-01-12 17:01:51,025 - Knowledge - INFO - Worker kw16 processing /app/data/T0015/304360/b0931pa/internet-banking-concept-microservices-304360/internet-banking-config-server/build.gradle
2026-01-12 17:01:51,116 - Knowledge - INFO - [WEBSOCKET] Sent: Type=unknown, Size: ?, Duration: 2300ms
2026-01-12 17:01:51,216 - Knowledge - INFO - Worker kw4 processing /app/data/T0015/304360/b0931pa/internet-banking-concept-microservices-304360/core-banking-service/settings.gradle
2026-01-12 17:01:51,305 - Knowledge - INFO - process ingested knowledge for /app/data/T0015/304360/b0931pa/internet-banking-concept-microservices-304360/core-banking-service/src/main/java/com/javatodev/finance/repository/UtilityAccountRepository.java
2026-01-12 17:01:51,417 - Knowledge - INFO - Worker kw18 processing /app/data/T0015/304360/b0931pa/internet-banking-concept-microservices-304360/postman_collection/BANKING_CORE_MICROSERVICES_PROJECT.postman_environment.json
2026-01-12 17:01:51,504 - Knowledge - INFO - Worker kw2 processing /app/data/T0015/304360/b0931pa/internet-banking-concept-microservices-304360/docker-compose/keycloak/realm-export.json
2026-01-12 17:01:51,639 - Knowledge - INFO - Fast-tracked /app/data/T0015/304360/b0931pa/internet-banking-concept-microservices-304360/internet-banking-config-server/src/main/java/com/javatodev/finance/InternetBankingConfigServerApplication.java (ext=.java, size=455)
2026-01-12 17:01:51,722 - Knowledge - INFO - process ingested knowledge for /app/data/T0015/304360/b0931pa/internet-banking-concept-microservices-304360/core-banking-service/src/main/java/com/javatodev/finance/repository/UserRepository.java
2026-01-12 17:01:52,078 - Knowledge - INFO - Async storage completed for 5 embeddings
2026-01-12 17:01:52,170 - Knowledge - INFO - Fast-tracked /app/data/T0015/304360/b0931pa/internet-banking-concept-microservices-304360/core-banking-service/src/main/java/com/javatodev/finance/model/AccountType.java (ext=.java, size=115)
2026-01-12 17:01:52,284 - Knowledge - INFO - Fast-tracked /app/data/T0015/304360/b0931pa/internet-banking-concept-microservices-304360/core-banking-service/src/main/java/com/javatodev/finance/exception/GlobalExceptionHandler.java (ext=.java, size=1118)
2026-01-12 17:01:52,386 - Knowledge - INFO - Worker kw17 processing /app/data/T0015/304360/b0931pa/internet-banking-concept-microservices-304360/core-banking-service/src/main/resources/bootstrap-dev.yml
2026-01-12 17:01:52,464 - Knowledge - INFO - Worker kw19 processing /app/data/T0015/304360/b0931pa/internet-banking-concept-microservices-304360/core-banking-service/src/main/resources/bootstrap.yml
2026-01-12 17:01:52,548 - Knowledge - INFO - Fast-tracked /app/data/T0015/304360/b0931pa/internet-banking-concept-microservices-304360/internet-banking-config-server/build.gradle (ext=.gradle, size=892)
2026-01-12 17:01:52,669 - Knowledge - INFO - Progress: 71.8% | Files: 147/188 | Rate: 1.98 files/sec | Queue: 0
2026-01-12 17:01:52,670 - Knowledge - INFO - Processing batch of 4 files
2026-01-12 17:01:52,670 - Knowledge - INFO - Processing batch of 4 files
2026-01-12 17:01:52,671 - Knowledge - INFO - Processing batch of 4 files
2026-01-12 17:01:52,675 - Knowledge - INFO - [WEBSOCKET] Sent: Type=progress_update, Size: 273, Duration: 0ms
2026-01-12 17:01:52,780 - Knowledge - INFO - Fast-tracked /app/data/T0015/304360/b0931pa/internet-banking-concept-microservices-304360/core-banking-service/settings.gradle (ext=.gradle, size=42)
2026-01-12 17:01:52,952 - Knowledge - INFO - Fast-tracked /app/data/T0015/304360/b0931pa/internet-banking-concept-microservices-304360/postman_collection/BANKING_CORE_MICROSERVICES_PROJECT.postman_environment.json (ext=.json, size=762)
2026-01-12 17:01:53,044 - Knowledge - INFO - Fast-tracked /app/data/T0015/304360/b0931pa/internet-banking-concept-microservices-304360/docker-compose/keycloak/realm-export.json (ext=.json, size=86257)
2026-01-12 17:01:53,125 - Knowledge - INFO - Worker kw6 processing /app/data/T0015/304360/b0931pa/internet-banking-concept-microservices-304360/internet-banking-config-server/src/main/resources/application.yml
2026-01-12 17:01:53,226 - Knowledge - INFO - process ingested knowledge for /app/data/T0015/304360/b0931pa/internet-banking-concept-microservices-304360/core-banking-service/src/main/java/com/javatodev/finance/CoreBankingServiceApplication.java
2026-01-12 17:01:53,430 - Knowledge - INFO - Async storage completed for 4 embeddings
2026-01-12 17:01:53,546 - Knowledge - INFO - Async storage completed for 5 embeddings
2026-01-12 17:01:53,642 - Knowledge - INFO - Fast-tracked /app/data/T0015/304360/b0931pa/internet-banking-concept-microservices-304360/core-banking-service/src/main/resources/bootstrap-dev.yml (ext=.yml, size=64)
2026-01-12 17:01:53,753 - Knowledge - INFO - Fast-tracked /app/data/T0015/304360/b0931pa/internet-banking-concept-microservices-304360/core-banking-service/src/main/resources/bootstrap.yml (ext=.yml, size=62)
2026-01-12 17:01:53,843 - Knowledge - INFO - Async storage completed for 5 embeddings
2026-01-12 17:01:54,017 - Knowledge - INFO - process ingested knowledge for /app/data/T0015/304360/b0931pa/internet-banking-concept-microservices-304360/core-banking-service/src/main/java/com/javatodev/finance/controller/AccountController.java
2026-01-12 17:01:54,107 - Knowledge - INFO - process ingested knowledge for /app/data/T0015/304360/b0931pa/internet-banking-concept-microservices-304360/core-banking-service/src/main/java/com/javatodev/finance/model/entity/BankAccountEntity.java
2026-01-12 17:01:54,193 - Knowledge - INFO - process ingested knowledge for /app/data/T0015/304360/b0931pa/internet-banking-concept-microservices-304360/core-banking-service/src/main/java/com/javatodev/finance/model/mapper/UserMapper.java
2026-01-12 17:01:54,286 - Knowledge - INFO - Processing batch of 4 files
2026-01-12 17:01:54,287 - Knowledge - INFO - [WEBSOCKET] Sent: Type=unknown, Size: ?, Duration: 1612ms
2026-01-12 17:01:54,376 - Knowledge - INFO - Worker kw4 processing /app/data/T0015/304360/b0931pa/internet-banking-concept-microservices-304360/core-banking-service/build.gradle
2026-01-12 17:01:54,467 - Knowledge - INFO - Worker kw18 processing /app/data/T0015/304360/b0931pa/internet-banking-concept-microservices-304360/README.md
2026-01-12 17:01:54,561 - Knowledge - INFO - Worker kw2 processing /app/data/T0015/304360/b0931pa/internet-banking-concept-microservices-304360/docker-compose/docker-compose.yml
2026-01-12 17:01:54,695 - Knowledge - INFO - Fast-tracked /app/data/T0015/304360/b0931pa/internet-banking-concept-microservices-304360/internet-banking-config-server/src/main/resources/application.yml (ext=.yml, size=243)
2026-01-12 17:01:54,816 - Knowledge - INFO - process ingested knowledge for /app/data/T0015/304360/b0931pa/internet-banking-concept-microservices-304360/core-banking-service/src/main/java/com/javatodev/finance/controller/TransactionController.java
2026-01-12 17:01:55,098 - Knowledge - INFO - Async storage completed for 5 embeddings
2026-01-12 17:01:55,206 - Knowledge - INFO - Async storage completed for 5 embeddings
2026-01-12 17:01:55,433 - Knowledge - INFO - process ingested knowledge for /app/data/T0015/304360/b0931pa/internet-banking-concept-microservices-304360/core-banking-service/src/main/java/com/javatodev/finance/controller/UserController.java
2026-01-12 17:01:55,507 - Knowledge - INFO - process ingested knowledge for /app/data/T0015/304360/b0931pa/internet-banking-concept-microservices-304360/core-banking-service/src/main/java/com/javatodev/finance/model/entity/UtilityAccountEntity.java
2026-01-12 17:01:55,619 - Knowledge - INFO - process ingested knowledge for /app/data/T0015/304360/b0931pa/internet-banking-concept-microservices-304360/core-banking-service/src/main/java/com/javatodev/finance/model/mapper/UtilityAccountMapper.java
2026-01-12 17:01:55,715 - Knowledge - INFO - process ingested knowledge for /app/data/T0015/304360/b0931pa/internet-banking-concept-microservices-304360/core-banking-service/src/main/java/com/javatodev/finance/model/dto/UtilityAccount.java
2026-01-12 17:01:55,798 - Knowledge - INFO - Progress: 78.2% | Files: 160/188 | Rate: 2.05 files/sec | Queue: 0
2026-01-12 17:01:55,802 - Knowledge - INFO - Processing batch of 4 files
2026-01-12 17:01:55,803 - Knowledge - INFO - Processing batch of 4 files
2026-01-12 17:01:55,803 - Knowledge - INFO - Processing batch of 1 files
2026-01-12 17:01:55,807 - Knowledge - INFO - [WEBSOCKET] Sent: Type=progress_update, Size: 274, Duration: 0ms
2026-01-12 17:01:55,926 - Knowledge - INFO - Fast-tracked /app/data/T0015/304360/b0931pa/internet-banking-concept-microservices-304360/core-banking-service/build.gradle (ext=.gradle, size=1852)
2026-01-12 17:01:56,074 - Knowledge - INFO - Fast-tracked /app/data/T0015/304360/b0931pa/internet-banking-concept-microservices-304360/README.md (ext=.md, size=6222)
2026-01-12 17:01:56,175 - Knowledge - INFO - Fast-tracked /app/data/T0015/304360/b0931pa/internet-banking-concept-microservices-304360/docker-compose/docker-compose.yml (ext=.yml, size=4782)
2026-01-12 17:01:56,254 - Knowledge - INFO - Worker kw6 processing /app/data/T0015/304360/b0931pa/internet-banking-concept-microservices-304360/internet-banking-config-server/wait-for-it.sh
2026-01-12 17:01:56,549 - Knowledge - INFO - Fast-tracked /app/data/T0015/304360/b0931pa/internet-banking-concept-microservices-304360/core-banking-service/src/main/resources/db/migration/V1.0.20210427174721__temp_data.sql (small file (2445 bytes))
2026-01-12 17:01:56,626 - Knowledge - INFO - process ingested knowledge for /app/data/T0015/304360/b0931pa/internet-banking-concept-microservices-304360/core-banking-service/src/main/java/com/javatodev/finance/service/UserService.java
2026-01-12 17:01:56,724 - Knowledge - INFO - process ingested knowledge for /app/data/T0015/304360/b0931pa/internet-banking-concept-microservices-304360/core-banking-service/src/main/java/com/javatodev/finance/model/entity/TransactionEntity.java
2026-01-12 17:01:56,828 - Knowledge - INFO - process ingested knowledge for /app/data/T0015/304360/b0931pa/internet-banking-concept-microservices-304360/core-banking-service/src/main/java/com/javatodev/finance/model/mapper/BankAccountMapper.java
2026-01-12 17:01:56,943 - Knowledge - INFO - process ingested knowledge for /app/data/T0015/304360/b0931pa/internet-banking-concept-microservices-304360/core-banking-service/src/main/java/com/javatodev/finance/model/dto/BankAccount.java
2026-01-12 17:01:57,180 - Knowledge - INFO - process ingested knowledge for /app/data/T0015/304360/b0931pa/internet-banking-concept-microservices-304360/core-banking-service/src/main/java/com/javatodev/finance/model/dto/User.java
2026-01-12 17:01:57,291 - Knowledge - INFO - process ingested knowledge for /app/data/T0015/304360/b0931pa/internet-banking-concept-microservices-304360/core-banking-service/src/main/java/com/javatodev/finance/exception/SimpleBankingGlobalException.java
2026-01-12 17:01:57,411 - Knowledge - INFO - process ingested knowledge for /app/data/T0015/304360/b0931pa/internet-banking-concept-microservices-304360/internet-banking-config-server/build.gradle
2026-01-12 17:01:57,490 - Knowledge - INFO - Processing batch of 4 files
2026-01-12 17:01:57,490 - Knowledge - INFO - [WEBSOCKET] Sent: Type=unknown, Size: ?, Duration: 1683ms
2026-01-12 17:01:57,695 - Knowledge - INFO - Worker kw18 processing /app/data/T0015/304360/b0931pa/internet-banking-concept-microservices-304360/docker-compose/docker-compose-support-apps.yml
2026-01-12 17:01:57,795 - Knowledge - INFO - Worker kw2 processing /app/data/T0015/304360/b0931pa/internet-banking-concept-microservices-304360/internet-banking-config-server/src/test/java/com/javatodev/finance/InternetBankingConfigServerApplicationTests.java
2026-01-12 17:01:57,893 - Knowledge - INFO - Worker kw6 processing /app/data/T0015/304360/b0931pa/internet-banking-concept-microservices-304360/internet-banking-config-server/settings.gradle
2026-01-12 17:01:58,105 - Knowledge - INFO - process ingested knowledge for /app/data/T0015/304360/b0931pa/internet-banking-concept-microservices-304360/core-banking-service/src/main/java/com/javatodev/finance/service/AccountService.java
2026-01-12 17:01:58,202 - Knowledge - INFO - process ingested knowledge for /app/data/T0015/304360/b0931pa/internet-banking-concept-microservices-304360/core-banking-service/src/main/java/com/javatodev/finance/model/dto/Transaction.java
2026-01-12 17:01:58,317 - Knowledge - INFO - process ingested knowledge for /app/data/T0015/304360/b0931pa/internet-banking-concept-microservices-304360/core-banking-service/src/main/java/com/javatodev/finance/model/entity/UserEntity.java
2026-01-12 17:01:58,424 - Knowledge - INFO - process ingested knowledge for /app/data/T0015/304360/b0931pa/internet-banking-concept-microservices-304360/core-banking-service/src/main/java/com/javatodev/finance/model/dto/request/UtilityPaymentRequest.java
2026-01-12 17:01:58,506 - Knowledge - INFO - process ingested knowledge for /app/data/T0015/304360/b0931pa/internet-banking-concept-microservices-304360/core-banking-service/src/main/java/com/javatodev/finance/model/dto/response/FundTransferResponse.java
2026-01-12 17:01:58,604 - Knowledge - INFO - process ingested knowledge for /app/data/T0015/304360/b0931pa/internet-banking-concept-microservices-304360/core-banking-service/src/main/java/com/javatodev/finance/exception/GlobalErrorCode.java
2026-01-12 17:01:58,783 - Knowledge - INFO - process ingested knowledge for /app/data/T0015/304360/b0931pa/internet-banking-concept-microservices-304360/core-banking-service/src/main/java/com/javatodev/finance/exception/ErrorResponse.java
2026-01-12 17:01:58,895 - Knowledge - INFO - Progress: 85.1% | Files: 168/188 | Rate: 2.07 files/sec | Queue: 0
2026-01-12 17:01:58,898 - Knowledge - INFO - Processing batch of 4 files
2026-01-12 17:01:58,899 - Knowledge - INFO - [WEBSOCKET] Sent: Type=progress_update, Size: 273, Duration: 0ms
2026-01-12 17:01:59,022 - Knowledge - INFO - Fast-tracked /app/data/T0015/304360/b0931pa/internet-banking-concept-microservices-304360/docker-compose/docker-compose-support-apps.yml (ext=.yml, size=1897)
2026-01-12 17:01:59,100 - Knowledge - INFO - Fast-tracked /app/data/T0015/304360/b0931pa/internet-banking-concept-microservices-304360/internet-banking-config-server/src/test/java/com/javatodev/finance/InternetBankingConfigServerApplicationTests.java (ext=.java, size=243)
2026-01-12 17:01:59,195 - Knowledge - INFO - Fast-tracked /app/data/T0015/304360/b0931pa/internet-banking-concept-microservices-304360/internet-banking-config-server/settings.gradle (ext=.gradle, size=52)
2026-01-12 17:01:59,600 - Knowledge - INFO - process ingested knowledge for /app/data/T0015/304360/b0931pa/internet-banking-concept-microservices-304360/core-banking-service/src/main/java/com/javatodev/finance/model/dto/request/FundTransferRequest.java
2026-01-12 17:01:59,663 - Knowledge - INFO - process ingested knowledge for /app/data/T0015/304360/b0931pa/internet-banking-concept-microservices-304360/core-banking-service/src/main/java/com/javatodev/finance/model/dto/response/UtilityPaymentResponse.java
2026-01-12 17:01:59,826 - Knowledge - INFO - Async storage completed for 4 embeddings
2026-01-12 17:01:59,893 - Knowledge - INFO - process ingested knowledge for /app/data/T0015/304360/b0931pa/internet-banking-concept-microservices-304360/core-banking-service/src/main/java/com/javatodev/finance/exception/InsufficientFundsException.java
2026-01-12 17:01:59,894 - Knowledge - INFO - process ingested knowledge for /app/data/T0015/304360/b0931pa/internet-banking-concept-microservices-304360/core-banking-service/src/main/java/com/javatodev/finance/exception/EntityNotFoundException.java
2026-01-12 17:02:00,077 - Knowledge - INFO - process ingested knowledge for /app/data/T0015/304360/b0931pa/internet-banking-concept-microservices-304360/core-banking-service/src/main/resources/db/migration/V1.0.20210429210839__create_transaction_table.sql
2026-01-12 17:02:00,174 - Knowledge - INFO - [LLM_CALL] Completed: TransactionService.java:chunk1, Duration: 9063ms, PromptTokens: 2830, CompletionTokens: 841, Cost: $0.00062
2026-01-12 17:02:00,291 - Knowledge - INFO - Async storage completed for 5 embeddings
2026-01-12 17:02:00,412 - Knowledge - INFO - Async storage completed for 4 embeddings
2026-01-12 17:02:00,728 - Knowledge - INFO - process ingested knowledge for /app/data/T0015/304360/b0931pa/internet-banking-concept-microservices-304360/core-banking-service/src/main/java/com/javatodev/finance/model/AccountType.java
2026-01-12 17:02:00,900 - Knowledge - INFO - process ingested knowledge for /app/data/T0015/304360/b0931pa/internet-banking-concept-microservices-304360/core-banking-service/src/main/java/com/javatodev/finance/exception/GlobalExceptionHandler.java
2026-01-12 17:02:01,024 - Knowledge - INFO - process ingested knowledge for /app/data/T0015/304360/b0931pa/internet-banking-concept-microservices-304360/core-banking-service/src/main/resources/application.yml
2026-01-12 17:02:01,107 - Knowledge - INFO - process ingested knowledge for /app/data/T0015/304360/b0931pa/internet-banking-concept-microservices-304360/core-banking-service/src/main/resources/db/migration/V1.0.20210427174721__temp_data.sql
2026-01-12 17:02:01,196 - Knowledge - INFO - done ingest for /app/data/T0015/304360/b0931pa/internet-banking-concept-microservices-304360/core-banking-service/src/main/java/com/javatodev/finance/service/TransactionService.java
2026-01-12 17:02:01,196 - Knowledge - INFO - [WEBSOCKET] Sent: Type=unknown, Size: ?, Duration: 2297ms
2026-01-12 17:02:01,718 - Knowledge - INFO - process ingested knowledge for /app/data/T0015/304360/b0931pa/internet-banking-concept-microservices-304360/core-banking-service/src/main/resources/bootstrap-dev.yml
2026-01-12 17:02:01,854 - Knowledge - INFO - process ingested knowledge for /app/data/T0015/304360/b0931pa/internet-banking-concept-microservices-304360/core-banking-service/src/main/resources/db/migration/V1.0.20210427174638__create_base_table_structure.sql
2026-01-12 17:02:01,978 - Knowledge - INFO - Progress: 89.4% | Files: 180/188 | Rate: 2.14 files/sec | Queue: 0
2026-01-12 17:02:01,981 - Knowledge - INFO - Processing batch of 4 files
2026-01-12 17:02:01,981 - Knowledge - INFO - Processing batch of 4 files
2026-01-12 17:02:01,981 - Knowledge - INFO - Processing batch of 4 files
2026-01-12 17:02:02,036 - Knowledge - INFO - [WEBSOCKET] Sent: Type=progress_update, Size: 274, Duration: 0ms
2026-01-12 17:02:02,225 - Knowledge - INFO - process ingested knowledge for /app/data/T0015/304360/b0931pa/internet-banking-concept-microservices-304360/core-banking-service/src/main/resources/bootstrap.yml
2026-01-12 17:02:02,313 - Knowledge - INFO - process ingested knowledge for /app/data/T0015/304360/b0931pa/internet-banking-concept-microservices-304360/postman_collection/JAVA_TO_DEV_MICROSERVICES.postman_collection.json
2026-01-12 17:02:02,399 - Knowledge - INFO - process ingested knowledge for /app/data/T0015/304360/b0931pa/internet-banking-concept-microservices-304360/docker-compose/mysql/privileges.sql
2026-01-12 17:02:02,479 - Knowledge - INFO - process ingested knowledge for /app/data/T0015/304360/b0931pa/internet-banking-concept-microservices-304360/core-banking-service/src/main/java/com/javatodev/finance/service/TransactionService.java
2026-01-12 17:02:02,568 - Knowledge - INFO - [WEBSOCKET] Sent: Type=unknown, Size: ?, Duration: 532ms
2026-01-12 17:02:02,840 - Knowledge - INFO - process ingested knowledge for /app/data/T0015/304360/b0931pa/internet-banking-concept-microservices-304360/postman_collection/BANKING_CORE_MICROSERVICES_PROJECT.postman_environment.json
2026-01-12 17:02:02,861 - Knowledge - INFO - Async storage completed for 4 embeddings
2026-01-12 17:02:02,936 - Knowledge - INFO - process ingested knowledge for /app/data/T0015/304360/b0931pa/internet-banking-concept-microservices-304360/docker-compose/keycloak/realm-export.json
2026-01-12 17:02:03,024 - Knowledge - INFO - process ingested knowledge for /app/data/T0015/304360/b0931pa/internet-banking-concept-microservices-304360/core-banking-service/src/main/java/com/javatodev/finance/model/TransactionType.java
2026-01-12 17:02:03,127 - Knowledge - INFO - Progress: 95.7% | Files: 180/188 | Rate: 2.06 files/sec | Queue: 0
2026-01-12 17:02:03,207 - Knowledge - INFO - process ingested knowledge for /app/data/T0015/304360/b0931pa/internet-banking-concept-microservices-304360/README.md
2026-01-12 17:02:03,391 - Knowledge - INFO - process ingested knowledge for /app/data/T0015/304360/b0931pa/internet-banking-concept-microservices-304360/docker-compose/docker-compose.yml
2026-01-12 17:02:03,543 - Knowledge - INFO - process ingested knowledge for /app/data/T0015/304360/b0931pa/internet-banking-concept-microservices-304360/core-banking-service/src/main/java/com/javatodev/finance/model/AccountStatus.java
2026-01-12 17:02:03,774 - Knowledge - INFO - process ingested knowledge for /app/data/T0015/304360/b0931pa/internet-banking-concept-microservices-304360/docker-compose/docker-compose-support-apps.yml
2026-01-12 17:02:03,885 - Knowledge - INFO - process ingested knowledge for /app/data/T0015/304360/b0931pa/internet-banking-concept-microservices-304360/internet-banking-config-server/src/test/java/com/javatodev/finance/InternetBankingConfigServerApplicationTests.java
2026-01-12 17:02:03,991 - Knowledge - INFO - process ingested knowledge for /app/data/T0015/304360/b0931pa/internet-banking-concept-microservices-304360/core-banking-service/src/main/java/com/javatodev/finance/model/mapper/BaseMapper.java
2026-01-12 17:02:04,658 - Knowledge - INFO - [LLM_CALL] Completed: wait-for-it.sh:chunk1, Duration: 2679ms, PromptTokens: 3796, CompletionTokens: 350, Cost: $0.00052
2026-01-12 17:02:04,847 - Knowledge - INFO - done ingest for /app/data/T0015/304360/b0931pa/internet-banking-concept-microservices-304360/core-banking-service/wait-for-it.sh
2026-01-12 17:02:05,071 - Knowledge - INFO - Processing batch of 4 files
2026-01-12 17:02:05,297 - Knowledge - INFO - process ingested knowledge for /app/data/T0015/304360/b0931pa/internet-banking-concept-microservices-304360/core-banking-service/src/main/resources/bootstrap-docker.yml
2026-01-12 17:02:05,459 - Knowledge - INFO - process ingested knowledge for /app/data/T0015/304360/b0931pa/internet-banking-concept-microservices-304360/core-banking-service/wait-for-it.sh
2026-01-12 17:02:05,678 - Knowledge - INFO - process ingested knowledge for /app/data/T0015/304360/b0931pa/internet-banking-concept-microservices-304360/core-banking-service/settings.gradle
2026-01-12 17:02:05,871 - Knowledge - INFO - process ingested knowledge for /app/data/T0015/304360/b0931pa/internet-banking-concept-microservices-304360/core-banking-service/build.gradle
2026-01-12 17:02:06,350 - Knowledge - INFO - [WEBSOCKET] Sent: Type=progress_update, Size: 271, Duration: 0ms
2026-01-12 17:02:06,549 - Knowledge - INFO - [WEBSOCKET] Sent: Type=unknown, Size: ?, Duration: 200ms
2026-01-12 17:02:06,783 - Knowledge - INFO - Progress: 97.9% | Files: 184/188 | Rate: 2.01 files/sec | Queue: 0
2026-01-12 17:02:07,095 - Knowledge - INFO - done ingest for /app/data/T0015/304360/b0931pa/internet-banking-concept-microservices-304360/internet-banking-config-server/wait-for-it.sh
2026-01-12 17:02:07,284 - Knowledge - INFO - Processing batch of 4 files
2026-01-12 17:02:07,470 - Knowledge - INFO - process ingested knowledge for /app/data/T0015/304360/b0931pa/internet-banking-concept-microservices-304360/internet-banking-config-server/src/main/java/com/javatodev/finance/InternetBankingConfigServerApplication.java
2026-01-12 17:02:07,672 - Knowledge - INFO - process ingested knowledge for /app/data/T0015/304360/b0931pa/internet-banking-concept-microservices-304360/internet-banking-config-server/src/main/resources/application.yml
2026-01-12 17:02:07,843 - Knowledge - INFO - process ingested knowledge for /app/data/T0015/304360/b0931pa/internet-banking-concept-microservices-304360/internet-banking-config-server/wait-for-it.sh
2026-01-12 17:02:08,050 - Knowledge - INFO - process ingested knowledge for /app/data/T0015/304360/b0931pa/internet-banking-concept-microservices-304360/internet-banking-config-server/settings.gradle
2026-01-12 17:02:08,536 - Knowledge - INFO - Knowledge creation complete
2026-01-12 17:02:08,758 - Knowledge - INFO - ==================================================
2026-01-12 17:02:08,968 - Knowledge - INFO - KNOWLEDGE GRAPH GENERATION PERFORMANCE SUMMARY
2026-01-12 17:02:09,191 - Knowledge - INFO - ==================================================
2026-01-12 17:02:09,359 - Knowledge - INFO - Total processing time: 94.04 seconds (1.57 minutes)
2026-01-12 17:02:09,517 - Knowledge - INFO - Files processed: 0
2026-01-12 17:02:09,758 - Knowledge - INFO - Processing rate: 0.00 files/second
2026-01-12 17:02:09,943 - Knowledge - INFO - 
[TIME_BREAKDOWN]
2026-01-12 17:02:10,101 - Knowledge - INFO - File Reading: 0.00s (0.0%)
2026-01-12 17:02:10,268 - Knowledge - INFO - LLM Processing: 38.85s (41.3%)
2026-01-12 17:02:10,495 - Knowledge - INFO - MongoDB Operations: 0.00s (0.0%)
2026-01-12 17:02:10,702 - Knowledge - INFO - Redis Operations: 0.00s (0.0%)
2026-01-12 17:02:10,903 - Knowledge - INFO - WebSocket Communication: 25.53s (27.2%)
2026-01-12 17:02:11,144 - Knowledge - INFO - Other Overhead: 29.65s (31.5%)
2026-01-12 17:02:11,315 - Knowledge - INFO - 
[LLM_STATS]
2026-01-12 17:02:11,504 - Knowledge - INFO - Total LLM calls: 7
2026-01-12 17:02:11,684 - Knowledge - INFO - Average LLM response time: 5550ms
2026-01-12 17:02:11,856 - Knowledge - INFO - Average prompt tokens: 3499.4
2026-01-12 17:02:12,035 - Knowledge - INFO - Average completion tokens: 451.0
2026-01-12 17:02:12,251 - Knowledge - INFO - Total prompt tokens: 24496
2026-01-12 17:02:12,437 - Knowledge - INFO - Total completion tokens: 3157
2026-01-12 17:02:12,654 - Knowledge - INFO - Total LLM cost: $0.0037
2026-01-12 17:02:12,828 - Knowledge - INFO - 
[DATABASE_STATS]
2026-01-12 17:02:13,028 - Knowledge - INFO - MongoDB operations: 0
2026-01-12 17:02:13,211 - Knowledge - INFO - Redis operations: 0
2026-01-12 17:02:13,392 - Knowledge - INFO - 
[COMMUNICATION_STATS]
2026-01-12 17:02:13,589 - Knowledge - INFO - WebSocket messages sent: 32
2026-01-12 17:02:13,804 - Knowledge - INFO - Average message size: 144.6 bytes
2026-01-12 17:02:13,980 - Knowledge - INFO - 
[WORKER_STATS]
2026-01-12 17:02:14,143 - Knowledge - INFO - 
[FILE_TYPE_STATS]
2026-01-12 17:02:14,335 - Knowledge - INFO - 
[SLOWEST_FILES]
2026-01-12 17:02:14,489 - Knowledge - INFO - ==================================================
2026-01-12 17:02:14,662 - Knowledge - INFO - ==================================================
2026-01-12 17:02:14,842 - Knowledge - INFO - KNOWLEDGE GRAPH GENERATION PERFORMANCE SUMMARY
2026-01-12 17:02:15,011 - Knowledge - INFO - ==================================================
2026-01-12 17:02:15,197 - Knowledge - INFO - Total processing time: 100.00 seconds (1.67 minutes)
2026-01-12 17:02:15,397 - Knowledge - INFO - Files processed: 188 of 188
2026-01-12 17:02:15,603 - Knowledge - INFO - Processing rate: 1.88 files/second
2026-01-12 17:02:15,794 - Knowledge - INFO - WebSocket messages sent: 16
2026-01-12 17:02:16,042 - Knowledge - INFO - MongoDB operations: 188
2026-01-12 17:02:16,248 - Knowledge - INFO - Average MongoDB ops per file: 1.00
2026-01-12 17:02:16,440 - Knowledge - INFO - LLM costs: $0.0047
2026-01-12 17:02:16,643 - Knowledge - INFO - Prompt tokens: 32098
2026-01-12 17:02:16,840 - Knowledge - INFO - Completion tokens: 3823
2026-01-12 17:02:17,060 - Knowledge - INFO - Updating org costs, total cost: 0.004739
2026-01-12 17:02:18,180 - Knowledge - INFO - [WEBSOCKET] Sent: Type=progress_update, Size: 268, Duration: 0ms
2026-01-12 17:02:18,408 - Knowledge - INFO - Saving knowledge to Redis...
2026-01-12 17:02:18,731 - Knowledge - INFO - Knowledge saved to Redis successfully
